date,product_id,product_name,sales_qty,stock_level,lead_time_days,days_until_replenishment,cost_price,unit_price,stockout_event
2025-06-18,P001,Bio-Coffee Beans 1kg,21,179,5,0,12.5,24.99,0
2025-06-19,P001,Bio-Coffee Beans 1kg,26,153,5,0,12.5,24.99,0
2025-06-20,P001,Bio-Coffee Beans 1kg,26,127,5,0,12.5,24.99,0
2025-06-21,P001,Bio-Coffee Beans 1kg,34,93,5,4,12.5,24.99,0
2025-06-22,P001,Bio-Coffee Beans 1kg,17,76,5,3,12.5,24.99,0
2025-06-23,P001,Bio-Coffee Beans 1kg,20,56,5,2,12.5,24.99,0
2025-06-24,P001,Bio-Coffee Beans 1kg,21,35,5,1,12.5,24.99,0
2025-06-25,P001,Bio-Coffee Beans 1kg,24,386,5,0,12.5,24.99,0
2025-06-26,P001,Bio-Coffee Beans 1kg,19,367,5,0,12.5,24.99,0
2025-06-27,P001,Bio-Coffee Beans 1kg,32,335,5,0,12.5,24.99,0
2025-06-28,P001,Bio-Coffee Beans 1kg,27,308,5,0,12.5,24.99,0
2025-06-29,P001,Bio-Coffee Beans 1kg,24,284,5,0,12.5,24.99,0
2025-06-30,P001,Bio-Coffee Beans 1kg,24,260,5,0,12.5,24.99,0
2025-07-01,P001,Bio-Coffee Beans 1kg,20,240,5,0,12.5,24.99,0
2025-07-02,P001,Bio-Coffee Beans 1kg,25,215,5,0,12.5,24.99,0
2025-07-03,P001,Bio-Coffee Beans 1kg,16,199,5,0,12.5,24.99,0
2025-07-04,P001,Bio-Coffee Beans 1kg,28,171,5,0,12.5,24.99,0
2025-07-05,P001,Bio-Coffee Beans 1kg,29,142,5,0,12.5,24.99,0
2025-07-06,P001,Bio-Coffee Beans 1kg,23,119,5,5,12.5,24.99,0
2025-07-07,P001,Bio-Coffee Beans 1kg,15,104,5,4,12.5,24.99,0
2025-07-08,P001,Bio-Coffee Beans 1kg,11,93,5,3,12.5,24.99,0
2025-07-09,P001,Bio-Coffee Beans 1kg,21,72,5,2,12.5,24.99,0
2025-07-10,P001,Bio-Coffee Beans 1kg,28,44,5,1,12.5,24.99,0
2025-07-11,P001,Bio-Coffee Beans 1kg,29,390,5,0,12.5,24.99,0
2025-07-12,P001,Bio-Coffee Beans 1kg,25,365,5,0,12.5,24.99,0
2025-07-13,P001,Bio-Coffee Beans 1kg,27,338,5,0,12.5,24.99,0
2025-07-14,P001,Bio-Coffee Beans 1kg,25,313,5,0,12.5,24.99,0
2025-07-15,P001,Bio-Coffee Beans 1kg,27,286,5,0,12.5,24.99,0
2025-07-16,P001,Bio-Coffee Beans 1kg,20,266,5,0,12.5,24.99,0
2025-07-17,P001,Bio-Coffee Beans 1kg,29,237,5,0,12.5,24.99,0
2025-07-18,P001,Bio-Coffee Beans 1kg,30,207,5,0,12.5,24.99,0
2025-07-19,P001,Bio-Coffee Beans 1kg,29,178,5,0,12.5,24.99,0
2025-07-20,P001,Bio-Coffee Beans 1kg,26,152,5,0,12.5,24.99,0
2025-07-21,P001,Bio-Coffee Beans 1kg,29,123,5,5,12.5,24.99,0
2025-07-22,P001,Bio-Coffee Beans 1kg,26,97,5,4,12.5,24.99,0
2025-07-23,P001,Bio-Coffee Beans 1kg,27,70,5,3,12.5,24.99,0
2025-07-24,P001,Bio-Coffee Beans 1kg,23,47,5,2,12.5,24.99,0
2025-07-25,P001,Bio-Coffee Beans 1kg,29,18,5,1,12.5,24.99,0
2025-07-26,P001,Bio-Coffee Beans 1kg,18,375,5,0,12.5,24.99,1
2025-07-27,P001,Bio-Coffee Beans 1kg,21,354,5,0,12.5,24.99,0
2025-07-28,P001,Bio-Coffee Beans 1kg,18,336,5,0,12.5,24.99,0
2025-07-29,P001,Bio-Coffee Beans 1kg,19,317,5,0,12.5,24.99,0
2025-07-30,P001,Bio-Coffee Beans 1kg,31,286,5,0,12.5,24.99,0
2025-07-31,P001,Bio-Coffee Beans 1kg,24,262,5,0,12.5,24.99,0
2025-08-01,P001,Bio-Coffee Beans 1kg,38,224,5,0,12.5,24.99,0
2025-08-02,P001,Bio-Coffee Beans 1kg,41,183,5,0,12.5,24.99,0
2025-08-03,P001,Bio-Coffee Beans 1kg,20,163,5,0,12.5,24.99,0
2025-08-04,P001,Bio-Coffee Beans 1kg,18,145,5,0,12.5,24.99,0
2025-08-05,P001,Bio-Coffee Beans 1kg,21,124,5,4,12.5,24.99,0
2025-08-06,P001,Bio-Coffee Beans 1kg,16,108,5,3,12.5,24.99,0
2025-08-07,P001,Bio-Coffee Beans 1kg,32,76,5,2,12.5,24.99,0
2025-08-08,P001,Bio-Coffee Beans 1kg,33,43,5,1,12.5,24.99,0
2025-08-09,P001,Bio-Coffee Beans 1kg,43,375,5,0,12.5,24.99,1
2025-08-10,P001,Bio-Coffee Beans 1kg,22,353,5,0,12.5,24.99,0
2025-08-11,P001,Bio-Coffee Beans 1kg,19,334,5,0,12.5,24.99,0
2025-08-12,P001,Bio-Coffee Beans 1kg,24,310,5,0,12.5,24.99,0
2025-08-13,P001,Bio-Coffee Beans 1kg,12,298,5,0,12.5,24.99,0
2025-08-14,P001,Bio-Coffee Beans 1kg,30,268,5,0,12.5,24.99,0
2025-08-15,P001,Bio-Coffee Beans 1kg,25,243,5,0,12.5,24.99,0
2025-08-16,P001,Bio-Coffee Beans 1kg,35,208,5,0,12.5,24.99,0
2025-08-17,P001,Bio-Coffee Beans 1kg,18,190,5,0,12.5,24.99,0
2025-08-18,P001,Bio-Coffee Beans 1kg,21,169,5,0,12.5,24.99,0
2025-08-19,P001,Bio-Coffee Beans 1kg,24,145,5,0,12.5,24.99,0
2025-08-20,P001,Bio-Coffee Beans 1kg,15,130,5,0,12.5,24.99,0
2025-08-21,P001,Bio-Coffee Beans 1kg,20,110,5,5,12.5,24.99,0
2025-08-22,P001,Bio-Coffee Beans 1kg,36,74,5,4,12.5,24.99,0
2025-08-23,P001,Bio-Coffee Beans 1kg,33,41,5,3,12.5,24.99,0
2025-08-24,P001,Bio-Coffee Beans 1kg,25,16,5,2,12.5,24.99,0
2025-08-25,P001,Bio-Coffee Beans 1kg,16,0,5,1,12.5,24.99,1
2025-08-26,P001,Bio-Coffee Beans 1kg,0,375,5,0,12.5,24.99,1
2025-08-27,P001,Bio-Coffee Beans 1kg,20,355,5,0,12.5,24.99,0
2025-08-28,P001,Bio-Coffee Beans 1kg,19,336,5,0,12.5,24.99,0
2025-08-29,P001,Bio-Coffee Beans 1kg,38,298,5,0,12.5,24.99,0
2025-08-30,P001,Bio-Coffee Beans 1kg,33,265,5,0,12.5,24.99,0
2025-08-31,P001,Bio-Coffee Beans 1kg,30,235,5,0,12.5,24.99,0
2025-09-01,P001,Bio-Coffee Beans 1kg,20,215,5,0,12.5,24.99,0
2025-09-02,P001,Bio-Coffee Beans 1kg,29,186,5,0,12.5,24.99,0
2025-09-03,P001,Bio-Coffee Beans 1kg,24,162,5,0,12.5,24.99,0
2025-09-04,P001,Bio-Coffee Beans 1kg,24,138,5,0,12.5,24.99,0
2025-09-05,P001,Bio-Coffee Beans 1kg,24,114,5,4,12.5,24.99,0
2025-09-06,P001,Bio-Coffee Beans 1kg,33,81,5,3,12.5,24.99,0
2025-09-07,P001,Bio-Coffee Beans 1kg,25,56,5,2,12.5,24.99,0
2025-09-08,P001,Bio-Coffee Beans 1kg,26,30,5,1,12.5,24.99,0
2025-09-09,P001,Bio-Coffee Beans 1kg,20,385,5,0,12.5,24.99,0
2025-09-10,P001,Bio-Coffee Beans 1kg,25,360,5,0,12.5,24.99,0
2025-09-11,P001,Bio-Coffee Beans 1kg,15,345,5,0,12.5,24.99,0
2025-09-12,P001,Bio-Coffee Beans 1kg,28,317,5,0,12.5,24.99,0
2025-09-13,P001,Bio-Coffee Beans 1kg,41,276,5,0,12.5,24.99,0
2025-09-14,P001,Bio-Coffee Beans 1kg,27,249,5,0,12.5,24.99,0
2025-09-15,P001,Bio-Coffee Beans 1kg,24,225,5,0,12.5,24.99,0
2025-09-16,P001,Bio-Coffee Beans 1kg,18,207,5,0,12.5,24.99,0
2025-09-17,P001,Bio-Coffee Beans 1kg,19,188,5,0,12.5,24.99,0
2025-09-18,P001,Bio-Coffee Beans 1kg,25,163,5,0,12.5,24.99,0
2025-09-19,P001,Bio-Coffee Beans 1kg,42,121,5,5,12.5,24.99,0
2025-09-20,P001,Bio-Coffee Beans 1kg,29,92,5,4,12.5,24.99,0
2025-09-21,P001,Bio-Coffee Beans 1kg,28,64,5,3,12.5,24.99,0
2025-09-22,P001,Bio-Coffee Beans 1kg,17,47,5,2,12.5,24.99,0
2025-09-23,P001,Bio-Coffee Beans 1kg,32,15,5,1,12.5,24.99,0
2025-09-24,P001,Bio-Coffee Beans 1kg,15,375,5,0,12.5,24.99,1
2025-09-25,P001,Bio-Coffee Beans 1kg,16,359,5,0,12.5,24.99,0
2025-09-26,P001,Bio-Coffee Beans 1kg,40,319,5,0,12.5,24.99,0
2025-09-27,P001,Bio-Coffee Beans 1kg,36,283,5,0,12.5,24.99,0
2025-09-28,P001,Bio-Coffee Beans 1kg,20,263,5,0,12.5,24.99,0
2025-09-29,P001,Bio-Coffee Beans 1kg,27,236,5,0,12.5,24.99,0
2025-09-30,P001,Bio-Coffee Beans 1kg,23,213,5,0,12.5,24.99,0
2025-10-01,P001,Bio-Coffee Beans 1kg,27,186,5,0,12.5,24.99,0
2025-10-02,P001,Bio-Coffee Beans 1kg,25,161,5,0,12.5,24.99,0
2025-10-03,P001,Bio-Coffee Beans 1kg,41,120,5,4,12.5,24.99,0
2025-10-04,P001,Bio-Coffee Beans 1kg,30,90,5,3,12.5,24.99,0
2025-10-05,P001,Bio-Coffee Beans 1kg,24,66,5,2,12.5,24.99,0
2025-10-06,P001,Bio-Coffee Beans 1kg,22,44,5,1,12.5,24.99,0
2025-10-07,P001,Bio-Coffee Beans 1kg,19,400,5,0,12.5,24.99,0
2025-10-08,P001,Bio-Coffee Beans 1kg,8,392,5,0,12.5,24.99,0
2025-10-09,P001,Bio-Coffee Beans 1kg,28,364,5,0,12.5,24.99,0
2025-10-10,P001,Bio-Coffee Beans 1kg,25,339,5,0,12.5,24.99,0
2025-10-11,P001,Bio-Coffee Beans 1kg,37,302,5,0,12.5,24.99,0
2025-10-12,P001,Bio-Coffee Beans 1kg,24,278,5,0,12.5,24.99,0
2025-10-13,P001,Bio-Coffee Beans 1kg,12,266,5,0,12.5,24.99,0
2025-10-14,P001,Bio-Coffee Beans 1kg,23,243,5,0,12.5,24.99,0
2025-10-15,P001,Bio-Coffee Beans 1kg,23,220,5,0,12.5,24.99,0
2025-10-16,P001,Bio-Coffee Beans 1kg,27,193,5,0,12.5,24.99,0
2025-10-17,P001,Bio-Coffee Beans 1kg,31,162,5,0,12.5,24.99,0
2025-10-18,P001,Bio-Coffee Beans 1kg,39,123,5,3,12.5,24.99,0
2025-10-19,P001,Bio-Coffee Beans 1kg,17,106,5,2,12.5,24.99,0
2025-10-20,P001,Bio-Coffee Beans 1kg,23,83,5,1,12.5,24.99,0
2025-10-21,P001,Bio-Coffee Beans 1kg,25,433,5,0,12.5,24.99,0
2025-10-22,P001,Bio-Coffee Beans 1kg,23,410,5,0,12.5,24.99,0
2025-10-23,P001,Bio-Coffee Beans 1kg,21,389,5,0,12.5,24.99,0
2025-10-24,P001,Bio-Coffee Beans 1kg,30,359,5,0,12.5,24.99,0
2025-10-25,P001,Bio-Coffee Beans 1kg,19,340,5,0,12.5,24.99,0
2025-10-26,P001,Bio-Coffee Beans 1kg,28,312,5,0,12.5,24.99,0
2025-10-27,P001,Bio-Coffee Beans 1kg,22,290,5,0,12.5,24.99,0
2025-10-28,P001,Bio-Coffee Beans 1kg,22,268,5,0,12.5,24.99,0
2025-10-29,P001,Bio-Coffee Beans 1kg,17,251,5,0,12.5,24.99,0
2025-10-30,P001,Bio-Coffee Beans 1kg,21,230,5,0,12.5,24.99,0
2025-10-31,P001,Bio-Coffee Beans 1kg,35,195,5,0,12.5,24.99,0
2025-11-01,P001,Bio-Coffee Beans 1kg,30,165,5,0,12.5,24.99,0
2025-11-02,P001,Bio-Coffee Beans 1kg,22,143,5,0,12.5,24.99,0
2025-11-03,P001,Bio-Coffee Beans 1kg,25,118,5,4,12.5,24.99,0
2025-11-04,P001,Bio-Coffee Beans 1kg,14,104,5,3,12.5,24.99,0
2025-11-05,P001,Bio-Coffee Beans 1kg,32,72,5,2,12.5,24.99,0
2025-11-06,P001,Bio-Coffee Beans 1kg,21,51,5,1,12.5,24.99,0
2025-11-07,P001,Bio-Coffee Beans 1kg,32,394,5,0,12.5,24.99,0
2025-11-08,P001,Bio-Coffee Beans 1kg,44,350,5,0,12.5,24.99,0
2025-11-09,P001,Bio-Coffee Beans 1kg,18,332,5,0,12.5,24.99,0
2025-11-10,P001,Bio-Coffee Beans 1kg,15,317,5,0,12.5,24.99,0
2025-11-11,P001,Bio-Coffee Beans 1kg,15,302,5,0,12.5,24.99,0
2025-11-12,P001,Bio-Coffee Beans 1kg,14,288,5,0,12.5,24.99,0
2025-11-13,P001,Bio-Coffee Beans 1kg,28,260,5,0,12.5,24.99,0
2025-11-14,P001,Bio-Coffee Beans 1kg,38,222,5,0,12.5,24.99,0
2025-11-15,P001,Bio-Coffee Beans 1kg,24,198,5,0,12.5,24.99,0
2025-11-16,P001,Bio-Coffee Beans 1kg,24,174,5,0,12.5,24.99,0
2025-11-17,P001,Bio-Coffee Beans 1kg,26,148,5,0,12.5,24.99,0
2025-11-18,P001,Bio-Coffee Beans 1kg,19,129,5,0,12.5,24.99,0
2025-11-19,P001,Bio-Coffee Beans 1kg,26,103,5,4,12.5,24.99,0
2025-11-20,P001,Bio-Coffee Beans 1kg,21,82,5,3,12.5,24.99,0
2025-11-21,P001,Bio-Coffee Beans 1kg,30,52,5,2,12.5,24.99,0
2025-11-22,P001,Bio-Coffee Beans 1kg,40,12,5,1,12.5,24.99,0
2025-11-23,P001,Bio-Coffee Beans 1kg,12,375,5,0,12.5,24.99,1
2025-11-24,P001,Bio-Coffee Beans 1kg,23,352,5,0,12.5,24.99,0
2025-11-25,P001,Bio-Coffee Beans 1kg,20,332,5,0,12.5,24.99,0
2025-11-26,P001,Bio-Coffee Beans 1kg,21,311,5,0,12.5,24.99,0
2025-11-27,P001,Bio-Coffee Beans 1kg,30,281,5,0,12.5,24.99,0
2025-11-28,P001,Bio-Coffee Beans 1kg,45,236,5,0,12.5,24.99,0
2025-11-29,P001,Bio-Coffee Beans 1kg,35,201,5,0,12.5,24.99,0
2025-11-30,P001,Bio-Coffee Beans 1kg,19,182,5,0,12.5,24.99,0
2025-12-01,P001,Bio-Coffee Beans 1kg,25,157,5,0,12.5,24.99,0
2025-12-02,P001,Bio-Coffee Beans 1kg,15,142,5,0,12.5,24.99,0
2025-12-03,P001,Bio-Coffee Beans 1kg,13,129,5,0,12.5,24.99,0
2025-12-04,P001,Bio-Coffee Beans 1kg,22,107,5,5,12.5,24.99,0
2025-12-05,P001,Bio-Coffee Beans 1kg,30,77,5,4,12.5,24.99,0
2025-12-06,P001,Bio-Coffee Beans 1kg,25,52,5,3,12.5,24.99,0
2025-12-07,P001,Bio-Coffee Beans 1kg,24,28,5,2,12.5,24.99,0
2025-12-08,P001,Bio-Coffee Beans 1kg,14,14,5,1,12.5,24.99,0
2025-12-09,P001,Bio-Coffee Beans 1kg,14,375,5,0,12.5,24.99,1
2025-12-10,P001,Bio-Coffee Beans 1kg,21,354,5,0,12.5,24.99,0
2025-12-11,P001,Bio-Coffee Beans 1kg,21,333,5,0,12.5,24.99,0
2025-12-12,P001,Bio-Coffee Beans 1kg,37,296,5,0,12.5,24.99,0
2025-12-13,P001,Bio-Coffee Beans 1kg,31,265,5,0,12.5,24.99,0
2025-12-14,P001,Bio-Coffee Beans 1kg,16,249,5,0,12.5,24.99,0
2025-12-15,P001,Bio-Coffee Beans 1kg,13,236,5,0,12.5,24.99,0
2025-12-16,P001,Bio-Coffee Beans 1kg,16,220,5,0,12.5,24.99,0
2025-12-17,P001,Bio-Coffee Beans 1kg,26,194,5,0,12.5,24.99,0
2025-12-18,P001,Bio-Coffee Beans 1kg,35,159,5,0,12.5,24.99,0
2025-12-19,P001,Bio-Coffee Beans 1kg,29,130,5,0,12.5,24.99,0
2025-12-20,P001,Bio-Coffee Beans 1kg,22,108,5,5,12.5,24.99,0
2025-12-21,P001,Bio-Coffee Beans 1kg,24,84,5,4,12.5,24.99,0
2025-12-22,P001,Bio-Coffee Beans 1kg,22,62,5,3,12.5,24.99,0
2025-12-23,P001,Bio-Coffee Beans 1kg,11,51,5,2,12.5,24.99,0
2025-12-24,P001,Bio-Coffee Beans 1kg,22,29,5,1,12.5,24.99,0
2025-12-25,P001,Bio-Coffee Beans 1kg,19,385,5,0,12.5,24.99,0
2025-12-26,P001,Bio-Coffee Beans 1kg,32,353,5,0,12.5,24.99,0
2025-12-27,P001,Bio-Coffee Beans 1kg,34,319,5,0,12.5,24.99,0
2025-12-28,P001,Bio-Coffee Beans 1kg,25,294,5,0,12.5,24.99,0
2025-12-29,P001,Bio-Coffee Beans 1kg,20,274,5,0,12.5,24.99,0
2025-12-30,P001,Bio-Coffee Beans 1kg,25,249,5,0,12.5,24.99,0
2025-12-31,P001,Bio-Coffee Beans 1kg,30,219,5,0,12.5,24.99,0
2026-01-01,P001,Bio-Coffee Beans 1kg,33,186,5,0,12.5,24.99,0
2026-01-02,P001,Bio-Coffee Beans 1kg,34,152,5,0,12.5,24.99,0
2026-01-03,P001,Bio-Coffee Beans 1kg,43,109,5,5,12.5,24.99,0
2026-01-04,P001,Bio-Coffee Beans 1kg,11,98,5,4,12.5,24.99,0
2026-01-05,P001,Bio-Coffee Beans 1kg,21,77,5,3,12.5,24.99,0
2026-01-06,P001,Bio-Coffee Beans 1kg,24,53,5,2,12.5,24.99,0
2026-01-07,P001,Bio-Coffee Beans 1kg,28,25,5,1,12.5,24.99,0
2026-01-08,P001,Bio-Coffee Beans 1kg,21,379,5,0,12.5,24.99,0
2026-01-09,P001,Bio-Coffee Beans 1kg,39,340,5,0,12.5,24.99,0
2026-01-10,P001,Bio-Coffee Beans 1kg,32,308,5,0,12.5,24.99,0
2026-01-11,P001,Bio-Coffee Beans 1kg,33,275,5,0,12.5,24.99,0
2026-01-12,P001,Bio-Coffee Beans 1kg,18,257,5,0,12.5,24.99,0
2026-01-13,P001,Bio-Coffee Beans 1kg,24,233,5,0,12.5,24.99,0
2026-01-14,P001,Bio-Coffee Beans 1kg,16,217,5,0,12.5,24.99,0
2026-01-15,P001,Bio-Coffee Beans 1kg,23,194,5,0,12.5,24.99,0
2026-01-16,P001,Bio-Coffee Beans 1kg,33,161,5,0,12.5,24.99,0
2026-01-17,P001,Bio-Coffee Beans 1kg,33,128,5,0,12.5,24.99,0
2026-01-18,P001,Bio-Coffee Beans 1kg,29,99,5,5,12.5,24.99,0
2026-01-19,P001,Bio-Coffee Beans 1kg,25,74,5,4,12.5,24.99,0
2026-01-20,P001,Bio-Coffee Beans 1kg,16,58,5,3,12.5,24.99,0
2026-01-21,P001,Bio-Coffee Beans 1kg,20,38,5,2,12.5,24.99,0
2026-01-22,P001,Bio-Coffee Beans 1kg,21,17,5,1,12.5,24.99,0
2026-01-23,P001,Bio-Coffee Beans 1kg,17,375,5,0,12.5,24.99,1
2026-01-24,P001,Bio-Coffee Beans 1kg,33,342,5,0,12.5,24.99,0
2026-01-25,P001,Bio-Coffee Beans 1kg,21,321,5,0,12.5,24.99,0
2026-01-26,P001,Bio-Coffee Beans 1kg,17,304,5,0,12.5,24.99,0
2026-01-27,P001,Bio-Coffee Beans 1kg,22,282,5,0,12.5,24.99,0
2026-01-28,P001,Bio-Coffee Beans 1kg,22,260,5,0,12.5,24.99,0
2026-01-29,P001,Bio-Coffee Beans 1kg,24,236,5,0,12.5,24.99,0
2026-01-30,P001,Bio-Coffee Beans 1kg,22,214,5,0,12.5,24.99,0
2026-01-31,P001,Bio-Coffee Beans 1kg,25,189,5,0,12.5,24.99,0
2026-02-01,P001,Bio-Coffee Beans 1kg,16,173,5,0,12.5,24.99,0
2026-02-02,P001,Bio-Coffee Beans 1kg,17,156,5,0,12.5,24.99,0
2026-02-03,P001,Bio-Coffee Beans 1kg,30,126,5,0,12.5,24.99,0
2026-02-04,P001,Bio-Coffee Beans 1kg,25,101,5,6,12.5,24.99,0
2026-02-05,P001,Bio-Coffee Beans 1kg,18,83,5,5,12.5,24.99,0
2026-02-06,P001,Bio-Coffee Beans 1kg,26,57,5,4,12.5,24.99,0
2026-02-07,P001,Bio-Coffee Beans 1kg,26,31,5,3,12.5,24.99,0
2026-02-08,P001,Bio-Coffee Beans 1kg,16,15,5,2,12.5,24.99,0
2026-02-09,P001,Bio-Coffee Beans 1kg,15,0,5,1,12.5,24.99,1
2026-02-10,P001,Bio-Coffee Beans 1kg,0,375,5,0,12.5,24.99,1
2026-02-11,P001,Bio-Coffee Beans 1kg,24,351,5,0,12.5,24.99,0
2026-02-12,P001,Bio-Coffee Beans 1kg,13,338,5,0,12.5,24.99,0
2026-02-13,P001,Bio-Coffee Beans 1kg,38,300,5,0,12.5,24.99,0
2026-02-14,P001,Bio-Coffee Beans 1kg,26,274,5,0,12.5,24.99,0
2026-02-15,P001,Bio-Coffee Beans 1kg,21,253,5,0,12.5,24.99,0
2026-02-16,P001,Bio-Coffee Beans 1kg,24,229,5,0,12.5,24.99,0
2026-02-17,P001,Bio-Coffee Beans 1kg,22,207,5,0,12.5,24.99,0
2026-02-18,P001,Bio-Coffee Beans 1kg,10,197,5,0,12.5,24.99,0
2026-02-19,P001,Bio-Coffee Beans 1kg,23,174,5,0,12.5,24.99,0
2026-02-20,P001,Bio-Coffee Beans 1kg,24,150,5,0,12.5,24.99,0
2026-02-21,P001,Bio-Coffee Beans 1kg,33,117,5,4,12.5,24.99,0
2026-02-22,P001,Bio-Coffee Beans 1kg,18,99,5,3,12.5,24.99,0
2026-02-23,P001,Bio-Coffee Beans 1kg,24,75,5,2,12.5,24.99,0
2026-02-24,P001,Bio-Coffee Beans 1kg,27,48,5,1,12.5,24.99,0
2026-02-25,P001,Bio-Coffee Beans 1kg,15,408,5,0,12.5,24.99,0
2026-02-26,P001,Bio-Coffee Beans 1kg,24,384,5,0,12.5,24.99,0
2026-02-27,P001,Bio-Coffee Beans 1kg,31,353,5,0,12.5,24.99,0
2026-02-28,P001,Bio-Coffee Beans 1kg,29,324,5,0,12.5,24.99,0
2026-03-01,P001,Bio-Coffee Beans 1kg,25,299,5,0,12.5,24.99,0
2026-03-02,P001,Bio-Coffee Beans 1kg,24,275,5,0,12.5,24.99,0
2026-03-03,P001,Bio-Coffee Beans 1kg,15,260,5,0,12.5,24.99,0
2026-03-04,P001,Bio-Coffee Beans 1kg,19,241,5,0,12.5,24.99,0
2026-03-05,P001,Bio-Coffee Beans 1kg,17,224,5,0,12.5,24.99,0
2026-03-06,P001,Bio-Coffee Beans 1kg,23,201,5,0,12.5,24.99,0
2026-03-07,P001,Bio-Coffee Beans 1kg,24,177,5,0,12.5,24.99,0
2026-03-08,P001,Bio-Coffee Beans 1kg,27,150,5,0,12.5,24.99,0
2026-03-09,P001,Bio-Coffee Beans 1kg,17,133,5,0,12.5,24.99,0
2026-03-10,P001,Bio-Coffee Beans 1kg,31,102,5,3,12.5,24.99,0
2026-03-11,P001,Bio-Coffee Beans 1kg,23,79,5,2,12.5,24.99,0
2026-03-12,P001,Bio-Coffee Beans 1kg,27,52,5,1,12.5,24.99,0
2026-03-13,P001,Bio-Coffee Beans 1kg,29,398,5,0,12.5,24.99,0
2026-03-14,P001,Bio-Coffee Beans 1kg,33,365,5,0,12.5,24.99,0
2026-03-15,P001,Bio-Coffee Beans 1kg,16,349,5,0,12.5,24.99,0
2026-03-16,P001,Bio-Coffee Beans 1kg,19,330,5,0,12.5,24.99,0
2026-03-17,P001,Bio-Coffee Beans 1kg,17,313,5,0,12.5,24.99,0
2026-03-18,P001,Bio-Coffee Beans 1kg,23,290,5,0,12.5,24.99,0
2026-03-19,P001,Bio-Coffee Beans 1kg,20,270,5,0,12.5,24.99,0
2026-03-20,P001,Bio-Coffee Beans 1kg,29,241,5,0,12.5,24.99,0
2026-03-21,P001,Bio-Coffee Beans 1kg,28,213,5,0,12.5,24.99,0
2026-03-22,P001,Bio-Coffee Beans 1kg,26,187,5,0,12.5,24.99,0
2026-03-23,P001,Bio-Coffee Beans 1kg,22,165,5,0,12.5,24.99,0
2026-03-24,P001,Bio-Coffee Beans 1kg,20,145,5,0,12.5,24.99,0
2026-03-25,P001,Bio-Coffee Beans 1kg,16,129,5,0,12.5,24.99,0
2026-03-26,P001,Bio-Coffee Beans 1kg,32,97,5,5,12.5,24.99,0
2026-03-27,P001,Bio-Coffee Beans 1kg,34,63,5,4,12.5,24.99,0
2026-03-28,P001,Bio-Coffee Beans 1kg,25,38,5,3,12.5,24.99,0
2026-03-29,P001,Bio-Coffee Beans 1kg,18,20,5,2,12.5,24.99,0
2026-03-30,P001,Bio-Coffee Beans 1kg,17,3,5,1,12.5,24.99,0
2026-03-31,P001,Bio-Coffee Beans 1kg,3,375,5,0,12.5,24.99,1
2026-04-01,P001,Bio-Coffee Beans 1kg,20,355,5,0,12.5,24.99,0
2026-04-02,P001,Bio-Coffee Beans 1kg,21,334,5,0,12.5,24.99,0
2026-04-03,P001,Bio-Coffee Beans 1kg,31,303,5,0,12.5,24.99,0
2026-04-04,P001,Bio-Coffee Beans 1kg,32,271,5,0,12.5,24.99,0
2026-04-05,P001,Bio-Coffee Beans 1kg,26,245,5,0,12.5,24.99,0
2026-04-06,P001,Bio-Coffee Beans 1kg,21,224,5,0,12.5,24.99,0
2026-04-07,P001,Bio-Coffee Beans 1kg,30,194,5,0,12.5,24.99,0
2026-04-08,P001,Bio-Coffee Beans 1kg,24,170,5,0,12.5,24.99,0
2026-04-09,P001,Bio-Coffee Beans 1kg,24,146,5,0,12.5,24.99,0
2026-04-10,P001,Bio-Coffee Beans 1kg,41,105,5,4,12.5,24.99,0
2026-04-11,P001,Bio-Coffee Beans 1kg,26,79,5,3,12.5,24.99,0
2026-04-12,P001,Bio-Coffee Beans 1kg,19,60,5,2,12.5,24.99,0
2026-04-13,P001,Bio-Coffee Beans 1kg,20,40,5,1,12.5,24.99,0
2026-04-14,P001,Bio-Coffee Beans 1kg,16,399,5,0,12.5,24.99,0
2026-04-15,P001,Bio-Coffee Beans 1kg,16,383,5,0,12.5,24.99,0
2026-04-16,P001,Bio-Coffee Beans 1kg,27,356,5,0,12.5,24.99,0
2026-04-17,P001,Bio-Coffee Beans 1kg,28,328,5,0,12.5,24.99,0
2026-04-18,P001,Bio-Coffee Beans 1kg,36,292,5,0,12.5,24.99,0
2026-04-19,P001,Bio-Coffee Beans 1kg,25,267,5,0,12.5,24.99,0
2026-04-20,P001,Bio-Coffee Beans 1kg,19,248,5,0,12.5,24.99,0
2026-04-21,P001,Bio-Coffee Beans 1kg,24,224,5,0,12.5,24.99,0
2026-04-22,P001,Bio-Coffee Beans 1kg,22,202,5,0,12.5,24.99,0
2026-04-23,P001,Bio-Coffee Beans 1kg,17,185,5,0,12.5,24.99,0
2026-04-24,P001,Bio-Coffee Beans 1kg,33,152,5,0,12.5,24.99,0
2026-04-25,P001,Bio-Coffee Beans 1kg,43,109,5,5,12.5,24.99,0
2026-04-26,P001,Bio-Coffee Beans 1kg,25,84,5,4,12.5,24.99,0
2026-04-27,P001,Bio-Coffee Beans 1kg,24,60,5,3,12.5,24.99,0
2026-04-28,P001,Bio-Coffee Beans 1kg,21,39,5,2,12.5,24.99,0
2026-04-29,P001,Bio-Coffee Beans 1kg,22,17,5,1,12.5,24.99,0
2026-04-30,P001,Bio-Coffee Beans 1kg,17,375,5,0,12.5,24.99,1
2026-05-01,P001,Bio-Coffee Beans 1kg,34,341,5,0,12.5,24.99,0
2026-05-02,P001,Bio-Coffee Beans 1kg,20,321,5,0,12.5,24.99,0
2026-05-03,P001,Bio-Coffee Beans 1kg,27,294,5,0,12.5,24.99,0
2026-05-04,P001,Bio-Coffee Beans 1kg,20,274,5,0,12.5,24.99,0
2026-05-05,P001,Bio-Coffee Beans 1kg,23,251,5,0,12.5,24.99,0
2026-05-06,P001,Bio-Coffee Beans 1kg,20,231,5,0,12.5,24.99,0
2026-05-07,P001,Bio-Coffee Beans 1kg,26,205,5,0,12.5,24.99,0
2026-05-08,P001,Bio-Coffee Beans 1kg,27,178,5,0,12.5,24.99,0
2026-05-09,P001,Bio-Coffee Beans 1kg,25,153,5,0,12.5,24.99,0
2026-05-10,P001,Bio-Coffee Beans 1kg,22,131,5,0,12.5,24.99,0
2026-05-11,P001,Bio-Coffee Beans 1kg,30,101,5,5,12.5,24.99,0
2026-05-12,P001,Bio-Coffee Beans 1kg,24,77,5,4,12.5,24.99,0
2026-05-13,P001,Bio-Coffee Beans 1kg,17,60,5,3,12.5,24.99,0
2026-05-14,P001,Bio-Coffee Beans 1kg,22,38,5,2,12.5,24.99,0
2026-05-15,P001,Bio-Coffee Beans 1kg,22,16,5,1,12.5,24.99,0
2026-05-16,P001,Bio-Coffee Beans 1kg,16,375,5,0,12.5,24.99,1
2026-05-17,P001,Bio-Coffee Beans 1kg,23,352,5,0,12.5,24.99,0
2026-05-18,P001,Bio-Coffee Beans 1kg,27,325,5,0,12.5,24.99,0
2026-05-19,P001,Bio-Coffee Beans 1kg,23,302,5,0,12.5,24.99,0
2026-05-20,P001,Bio-Coffee Beans 1kg,21,281,5,0,12.5,24.99,0
2026-05-21,P001,Bio-Coffee Beans 1kg,17,264,5,0,12.5,24.99,0
2026-05-22,P001,Bio-Coffee Beans 1kg,30,234,5,0,12.5,24.99,0
2026-05-23,P001,Bio-Coffee Beans 1kg,35,199,5,0,12.5,24.99,0
2026-05-24,P001,Bio-Coffee Beans 1kg,26,173,5,0,12.5,24.99,0
2026-05-25,P001,Bio-Coffee Beans 1kg,18,155,5,0,12.5,24.99,0
2026-05-26,P001,Bio-Coffee Beans 1kg,27,128,5,0,12.5,24.99,0
2026-05-27,P001,Bio-Coffee Beans 1kg,25,103,5,4,12.5,24.99,0
2026-05-28,P001,Bio-Coffee Beans 1kg,28,75,5,3,12.5,24.99,0
2026-05-29,P001,Bio-Coffee Beans 1kg,35,40,5,2,12.5,24.99,0
2026-05-30,P001,Bio-Coffee Beans 1kg,29,11,5,1,12.5,24.99,0
2026-05-31,P001,Bio-Coffee Beans 1kg,11,375,5,0,12.5,24.99,1
2026-06-01,P001,Bio-Coffee Beans 1kg,17,358,5,0,12.5,24.99,0
2026-06-02,P001,Bio-Coffee Beans 1kg,21,337,5,0,12.5,24.99,0
2026-06-03,P001,Bio-Coffee Beans 1kg,27,310,5,0,12.5,24.99,0
2026-06-04,P001,Bio-Coffee Beans 1kg,19,291,5,0,12.5,24.99,0
2026-06-05,P001,Bio-Coffee Beans 1kg,34,257,5,0,12.5,24.99,0
2026-06-06,P001,Bio-Coffee Beans 1kg,35,222,5,0,12.5,24.99,0
2026-06-07,P001,Bio-Coffee Beans 1kg,23,199,5,0,12.5,24.99,0
2026-06-08,P001,Bio-Coffee Beans 1kg,26,173,5,0,12.5,24.99,0
2026-06-09,P001,Bio-Coffee Beans 1kg,29,144,5,0,12.5,24.99,0
2026-06-10,P001,Bio-Coffee Beans 1kg,29,115,5,4,12.5,24.99,0
2026-06-11,P001,Bio-Coffee Beans 1kg,21,94,5,3,12.5,24.99,0
2026-06-12,P001,Bio-Coffee Beans 1kg,28,66,5,2,12.5,24.99,0
2026-06-13,P001,Bio-Coffee Beans 1kg,35,31,5,1,12.5,24.99,0
2026-06-14,P001,Bio-Coffee Beans 1kg,17,389,5,0,12.5,24.99,0
2026-06-15,P001,Bio-Coffee Beans 1kg,16,373,5,0,12.5,24.99,0
2026-06-16,P001,Bio-Coffee Beans 1kg,19,354,5,0,12.5,24.99,0
2026-06-17,P001,Bio-Coffee Beans 1kg,25,329,5,0,12.5,24.99,0
2025-06-18,P002,Oat Milk Premium 1L,47,313,3,0,0.85,1.99,0
2025-06-19,P002,Oat Milk Premium 1L,45,268,3,0,0.85,1.99,0
2025-06-20,P002,Oat Milk Premium 1L,90,178,3,4,0.85,1.99,0
2025-06-21,P002,Oat Milk Premium 1L,76,102,3,3,0.85,1.99,0
2025-06-22,P002,Oat Milk Premium 1L,54,48,3,2,0.85,1.99,0
2025-06-23,P002,Oat Milk Premium 1L,46,2,3,1,0.85,1.99,0
2025-06-24,P002,Oat Milk Premium 1L,2,900,3,0,0.85,1.99,1
2025-06-25,P002,Oat Milk Premium 1L,48,852,3,0,0.85,1.99,0
2025-06-26,P002,Oat Milk Premium 1L,49,803,3,0,0.85,1.99,0
2025-06-27,P002,Oat Milk Premium 1L,84,719,3,0,0.85,1.99,0
2025-06-28,P002,Oat Milk Premium 1L,80,639,3,0,0.85,1.99,0
2025-06-29,P002,Oat Milk Premium 1L,59,580,3,0,0.85,1.99,0
2025-06-30,P002,Oat Milk Premium 1L,56,524,3,0,0.85,1.99,0
2025-07-01,P002,Oat Milk Premium 1L,54,470,3,0,0.85,1.99,0
2025-07-02,P002,Oat Milk Premium 1L,50,420,3,0,0.85,1.99,0
2025-07-03,P002,Oat Milk Premium 1L,43,377,3,0,0.85,1.99,0
2025-07-04,P002,Oat Milk Premium 1L,84,293,3,0,0.85,1.99,0
2025-07-05,P002,Oat Milk Premium 1L,83,210,3,0,0.85,1.99,0
2025-07-06,P002,Oat Milk Premium 1L,48,162,3,4,0.85,1.99,0
2025-07-07,P002,Oat Milk Premium 1L,61,101,3,3,0.85,1.99,0
2025-07-08,P002,Oat Milk Premium 1L,49,52,3,2,0.85,1.99,0
2025-07-09,P002,Oat Milk Premium 1L,51,1,3,1,0.85,1.99,0
2025-07-10,P002,Oat Milk Premium 1L,1,900,3,0,0.85,1.99,1
2025-07-11,P002,Oat Milk Premium 1L,98,802,3,0,0.85,1.99,0
2025-07-12,P002,Oat Milk Premium 1L,69,733,3,0,0.85,1.99,0
2025-07-13,P002,Oat Milk Premium 1L,64,669,3,0,0.85,1.99,0
2025-07-14,P002,Oat Milk Premium 1L,61,608,3,0,0.85,1.99,0
2025-07-15,P002,Oat Milk Premium 1L,58,550,3,0,0.85,1.99,0
2025-07-16,P002,Oat Milk Premium 1L,48,502,3,0,0.85,1.99,0
2025-07-17,P002,Oat Milk Premium 1L,69,433,3,0,0.85,1.99,0
2025-07-18,P002,Oat Milk Premium 1L,83,350,3,0,0.85,1.99,0
2025-07-19,P002,Oat Milk Premium 1L,69,281,3,0,0.85,1.99,0
2025-07-20,P002,Oat Milk Premium 1L,66,215,3,0,0.85,1.99,0
2025-07-21,P002,Oat Milk Premium 1L,58,157,3,2,0.85,1.99,0
2025-07-22,P002,Oat Milk Premium 1L,63,94,3,1,0.85,1.99,0
2025-07-23,P002,Oat Milk Premium 1L,50,944,3,0,0.85,1.99,0
2025-07-24,P002,Oat Milk Premium 1L,48,896,3,0,0.85,1.99,0
2025-07-25,P002,Oat Milk Premium 1L,62,834,3,0,0.85,1.99,0
2025-07-26,P002,Oat Milk Premium 1L,74,760,3,0,0.85,1.99,0
2025-07-27,P002,Oat Milk Premium 1L,40,720,3,0,0.85,1.99,0
2025-07-28,P002,Oat Milk Premium 1L,55,665,3,0,0.85,1.99,0
2025-07-29,P002,Oat Milk Premium 1L,50,615,3,0,0.85,1.99,0
2025-07-30,P002,Oat Milk Premium 1L,64,551,3,0,0.85,1.99,0
2025-07-31,P002,Oat Milk Premium 1L,48,503,3,0,0.85,1.99,0
2025-08-01,P002,Oat Milk Premium 1L,90,413,3,0,0.85,1.99,0
2025-08-02,P002,Oat Milk Premium 1L,90,323,3,0,0.85,1.99,0
2025-08-03,P002,Oat Milk Premium 1L,60,263,3,0,0.85,1.99,0
2025-08-04,P002,Oat Milk Premium 1L,54,209,3,0,0.85,1.99,0
2025-08-05,P002,Oat Milk Premium 1L,60,149,3,3,0.85,1.99,0
2025-08-06,P002,Oat Milk Premium 1L,52,97,3,2,0.85,1.99,0
2025-08-07,P002,Oat Milk Premium 1L,48,49,3,1,0.85,1.99,0
2025-08-08,P002,Oat Milk Premium 1L,49,900,3,0,0.85,1.99,1
2025-08-09,P002,Oat Milk Premium 1L,72,828,3,0,0.85,1.99,0
2025-08-10,P002,Oat Milk Premium 1L,36,792,3,0,0.85,1.99,0
2025-08-11,P002,Oat Milk Premium 1L,51,741,3,0,0.85,1.99,0
2025-08-12,P002,Oat Milk Premium 1L,61,680,3,0,0.85,1.99,0
2025-08-13,P002,Oat Milk Premium 1L,52,628,3,0,0.85,1.99,0
2025-08-14,P002,Oat Milk Premium 1L,69,559,3,0,0.85,1.99,0
2025-08-15,P002,Oat Milk Premium 1L,81,478,3,0,0.85,1.99,0
2025-08-16,P002,Oat Milk Premium 1L,96,382,3,0,0.85,1.99,0
2025-08-17,P002,Oat Milk Premium 1L,56,326,3,0,0.85,1.99,0
2025-08-18,P002,Oat Milk Premium 1L,48,278,3,0,0.85,1.99,0
2025-08-19,P002,Oat Milk Premium 1L,47,231,3,0,0.85,1.99,0
2025-08-20,P002,Oat Milk Premium 1L,60,171,3,4,0.85,1.99,0
2025-08-21,P002,Oat Milk Premium 1L,58,113,3,3,0.85,1.99,0
2025-08-22,P002,Oat Milk Premium 1L,87,26,3,2,0.85,1.99,0
2025-08-23,P002,Oat Milk Premium 1L,26,0,3,1,0.85,1.99,1
2025-08-24,P002,Oat Milk Premium 1L,0,900,3,0,0.85,1.99,1
2025-08-25,P002,Oat Milk Premium 1L,49,851,3,0,0.85,1.99,0
2025-08-26,P002,Oat Milk Premium 1L,63,788,3,0,0.85,1.99,0
2025-08-27,P002,Oat Milk Premium 1L,57,731,3,0,0.85,1.99,0
2025-08-28,P002,Oat Milk Premium 1L,42,689,3,0,0.85,1.99,0
2025-08-29,P002,Oat Milk Premium 1L,75,614,3,0,0.85,1.99,0
2025-08-30,P002,Oat Milk Premium 1L,84,530,3,0,0.85,1.99,0
2025-08-31,P002,Oat Milk Premium 1L,41,489,3,0,0.85,1.99,0
2025-09-01,P002,Oat Milk Premium 1L,58,431,3,0,0.85,1.99,0
2025-09-02,P002,Oat Milk Premium 1L,63,368,3,0,0.85,1.99,0
2025-09-03,P002,Oat Milk Premium 1L,54,314,3,0,0.85,1.99,0
2025-09-04,P002,Oat Milk Premium 1L,62,252,3,0,0.85,1.99,0
2025-09-05,P002,Oat Milk Premium 1L,83,169,3,2,0.85,1.99,0
2025-09-06,P002,Oat Milk Premium 1L,72,97,3,1,0.85,1.99,0
2025-09-07,P002,Oat Milk Premium 1L,61,936,3,0,0.85,1.99,0
2025-09-08,P002,Oat Milk Premium 1L,59,877,3,0,0.85,1.99,0
2025-09-09,P002,Oat Milk Premium 1L,58,819,3,0,0.85,1.99,0
2025-09-10,P002,Oat Milk Premium 1L,57,762,3,0,0.85,1.99,0
2025-09-11,P002,Oat Milk Premium 1L,64,698,3,0,0.85,1.99,0
2025-09-12,P002,Oat Milk Premium 1L,87,611,3,0,0.85,1.99,0
2025-09-13,P002,Oat Milk Premium 1L,74,537,3,0,0.85,1.99,0
2025-09-14,P002,Oat Milk Premium 1L,46,491,3,0,0.85,1.99,0
2025-09-15,P002,Oat Milk Premium 1L,62,429,3,0,0.85,1.99,0
2025-09-16,P002,Oat Milk Premium 1L,57,372,3,0,0.85,1.99,0
2025-09-17,P002,Oat Milk Premium 1L,57,315,3,0,0.85,1.99,0
2025-09-18,P002,Oat Milk Premium 1L,60,255,3,0,0.85,1.99,0
2025-09-19,P002,Oat Milk Premium 1L,85,170,3,2,0.85,1.99,0
2025-09-20,P002,Oat Milk Premium 1L,81,89,3,1,0.85,1.99,0
2025-09-21,P002,Oat Milk Premium 1L,58,931,3,0,0.85,1.99,0
2025-09-22,P002,Oat Milk Premium 1L,49,882,3,0,0.85,1.99,0
2025-09-23,P002,Oat Milk Premium 1L,40,842,3,0,0.85,1.99,0
2025-09-24,P002,Oat Milk Premium 1L,51,791,3,0,0.85,1.99,0
2025-09-25,P002,Oat Milk Premium 1L,60,731,3,0,0.85,1.99,0
2025-09-26,P002,Oat Milk Premium 1L,85,646,3,0,0.85,1.99,0
2025-09-27,P002,Oat Milk Premium 1L,78,568,3,0,0.85,1.99,0
2025-09-28,P002,Oat Milk Premium 1L,58,510,3,0,0.85,1.99,0
2025-09-29,P002,Oat Milk Premium 1L,52,458,3,0,0.85,1.99,0
2025-09-30,P002,Oat Milk Premium 1L,46,412,3,0,0.85,1.99,0
2025-10-01,P002,Oat Milk Premium 1L,58,354,3,0,0.85,1.99,0
2025-10-02,P002,Oat Milk Premium 1L,41,313,3,0,0.85,1.99,0
2025-10-03,P002,Oat Milk Premium 1L,82,231,3,0,0.85,1.99,0
2025-10-04,P002,Oat Milk Premium 1L,98,133,3,3,0.85,1.99,0
2025-10-05,P002,Oat Milk Premium 1L,52,81,3,2,0.85,1.99,0
2025-10-06,P002,Oat Milk Premium 1L,52,29,3,1,0.85,1.99,0
2025-10-07,P002,Oat Milk Premium 1L,29,900,3,0,0.85,1.99,1
2025-10-08,P002,Oat Milk Premium 1L,65,835,3,0,0.85,1.99,0
2025-10-09,P002,Oat Milk Premium 1L,47,788,3,0,0.85,1.99,0
2025-10-10,P002,Oat Milk Premium 1L,82,706,3,0,0.85,1.99,0
2025-10-11,P002,Oat Milk Premium 1L,89,617,3,0,0.85,1.99,0
2025-10-12,P002,Oat Milk Premium 1L,76,541,3,0,0.85,1.99,0
2025-10-13,P002,Oat Milk Premium 1L,60,481,3,0,0.85,1.99,0
2025-10-14,P002,Oat Milk Premium 1L,60,421,3,0,0.85,1.99,0
2025-10-15,P002,Oat Milk Premium 1L,44,377,3,0,0.85,1.99,0
2025-10-16,P002,Oat Milk Premium 1L,67,310,3,0,0.85,1.99,0
2025-10-17,P002,Oat Milk Premium 1L,86,224,3,0,0.85,1.99,0
2025-10-18,P002,Oat Milk Premium 1L,66,158,3,2,0.85,1.99,0
2025-10-19,P002,Oat Milk Premium 1L,47,111,3,1,0.85,1.99,0
2025-10-20,P002,Oat Milk Premium 1L,40,971,3,0,0.85,1.99,0
2025-10-21,P002,Oat Milk Premium 1L,49,922,3,0,0.85,1.99,0
2025-10-22,P002,Oat Milk Premium 1L,50,872,3,0,0.85,1.99,0
2025-10-23,P002,Oat Milk Premium 1L,52,820,3,0,0.85,1.99,0
2025-10-24,P002,Oat Milk Premium 1L,81,739,3,0,0.85,1.99,0
2025-10-25,P002,Oat Milk Premium 1L,83,656,3,0,0.85,1.99,0
2025-10-26,P002,Oat Milk Premium 1L,60,596,3,0,0.85,1.99,0
2025-10-27,P002,Oat Milk Premium 1L,54,542,3,0,0.85,1.99,0
2025-10-28,P002,Oat Milk Premium 1L,45,497,3,0,0.85,1.99,0
2025-10-29,P002,Oat Milk Premium 1L,57,440,3,0,0.85,1.99,0
2025-10-30,P002,Oat Milk Premium 1L,55,385,3,0,0.85,1.99,0
2025-10-31,P002,Oat Milk Premium 1L,73,312,3,0,0.85,1.99,0
2025-11-01,P002,Oat Milk Premium 1L,63,249,3,0,0.85,1.99,0
2025-11-02,P002,Oat Milk Premium 1L,33,216,3,0,0.85,1.99,0
2025-11-03,P002,Oat Milk Premium 1L,52,164,3,4,0.85,1.99,0
2025-11-04,P002,Oat Milk Premium 1L,55,109,3,3,0.85,1.99,0
2025-11-05,P002,Oat Milk Premium 1L,61,48,3,2,0.85,1.99,0
2025-11-06,P002,Oat Milk Premium 1L,46,2,3,1,0.85,1.99,0
2025-11-07,P002,Oat Milk Premium 1L,2,900,3,0,0.85,1.99,1
2025-11-08,P002,Oat Milk Premium 1L,59,841,3,0,0.85,1.99,0
2025-11-09,P002,Oat Milk Premium 1L,59,782,3,0,0.85,1.99,0
2025-11-10,P002,Oat Milk Premium 1L,50,732,3,0,0.85,1.99,0
2025-11-11,P002,Oat Milk Premium 1L,55,677,3,0,0.85,1.99,0
2025-11-12,P002,Oat Milk Premium 1L,53,624,3,0,0.85,1.99,0
2025-11-13,P002,Oat Milk Premium 1L,54,570,3,0,0.85,1.99,0
2025-11-14,P002,Oat Milk Premium 1L,63,507,3,0,0.85,1.99,0
2025-11-15,P002,Oat Milk Premium 1L,71,436,3,0,0.85,1.99,0
2025-11-16,P002,Oat Milk Premium 1L,64,372,3,0,0.85,1.99,0
2025-11-17,P002,Oat Milk Premium 1L,46,326,3,0,0.85,1.99,0
2025-11-18,P002,Oat Milk Premium 1L,57,269,3,0,0.85,1.99,0
2025-11-19,P002,Oat Milk Premium 1L,55,214,3,0,0.85,1.99,0
2025-11-20,P002,Oat Milk Premium 1L,47,167,3,2,0.85,1.99,0
2025-11-21,P002,Oat Milk Premium 1L,89,78,3,1,0.85,1.99,0
2025-11-22,P002,Oat Milk Premium 1L,78,900,3,0,0.85,1.99,1
2025-11-23,P002,Oat Milk Premium 1L,51,849,3,0,0.85,1.99,0
2025-11-24,P002,Oat Milk Premium 1L,63,786,3,0,0.85,1.99,0
2025-11-25,P002,Oat Milk Premium 1L,53,733,3,0,0.85,1.99,0
2025-11-26,P002,Oat Milk Premium 1L,54,679,3,0,0.85,1.99,0
2025-11-27,P002,Oat Milk Premium 1L,65,614,3,0,0.85,1.99,0
2025-11-28,P002,Oat Milk Premium 1L,72,542,3,0,0.85,1.99,0
2025-11-29,P002,Oat Milk Premium 1L,92,450,3,0,0.85,1.99,0
2025-11-30,P002,Oat Milk Premium 1L,57,393,3,0,0.85,1.99,0
2025-12-01,P002,Oat Milk Premium 1L,59,334,3,0,0.85,1.99,0
2025-12-02,P002,Oat Milk Premium 1L,46,288,3,0,0.85,1.99,0
2025-12-03,P002,Oat Milk Premium 1L,77,211,3,0,0.85,1.99,0
2025-12-04,P002,Oat Milk Premium 1L,63,148,3,1,0.85,1.99,0
2025-12-05,P002,Oat Milk Premium 1L,71,977,3,0,0.85,1.99,0
2025-12-06,P002,Oat Milk Premium 1L,77,900,3,0,0.85,1.99,0
2025-12-07,P002,Oat Milk Premium 1L,51,849,3,0,0.85,1.99,0
2025-12-08,P002,Oat Milk Premium 1L,46,803,3,0,0.85,1.99,0
2025-12-09,P002,Oat Milk Premium 1L,76,727,3,0,0.85,1.99,0
2025-12-10,P002,Oat Milk Premium 1L,57,670,3,0,0.85,1.99,0
2025-12-11,P002,Oat Milk Premium 1L,60,610,3,0,0.85,1.99,0
2025-12-12,P002,Oat Milk Premium 1L,71,539,3,0,0.85,1.99,0
2025-12-13,P002,Oat Milk Premium 1L,68,471,3,0,0.85,1.99,0
2025-12-14,P002,Oat Milk Premium 1L,50,421,3,0,0.85,1.99,0
2025-12-15,P002,Oat Milk Premium 1L,52,369,3,0,0.85,1.99,0
2025-12-16,P002,Oat Milk Premium 1L,56,313,3,0,0.85,1.99,0
2025-12-17,P002,Oat Milk Premium 1L,46,267,3,0,0.85,1.99,0
2025-12-18,P002,Oat Milk Premium 1L,58,209,3,0,0.85,1.99,0
2025-12-19,P002,Oat Milk Premium 1L,88,121,3,4,0.85,1.99,0
2025-12-20,P002,Oat Milk Premium 1L,70,51,3,3,0.85,1.99,0
2025-12-21,P002,Oat Milk Premium 1L,49,2,3,2,0.85,1.99,0
2025-12-22,P002,Oat Milk Premium 1L,2,0,3,1,0.85,1.99,1
2025-12-23,P002,Oat Milk Premium 1L,0,900,3,0,0.85,1.99,1
2025-12-24,P002,Oat Milk Premium 1L,53,847,3,0,0.85,1.99,0
2025-12-25,P002,Oat Milk Premium 1L,50,797,3,0,0.85,1.99,0
2025-12-26,P002,Oat Milk Premium 1L,56,741,3,0,0.85,1.99,0
2025-12-27,P002,Oat Milk Premium 1L,82,659,3,0,0.85,1.99,0
2025-12-28,P002,Oat Milk Premium 1L,53,606,3,0,0.85,1.99,0
2025-12-29,P002,Oat Milk Premium 1L,54,552,3,0,0.85,1.99,0
2025-12-30,P002,Oat Milk Premium 1L,45,507,3,0,0.85,1.99,0
2025-12-31,P002,Oat Milk Premium 1L,50,457,3,0,0.85,1.99,0
2026-01-01,P002,Oat Milk Premium 1L,47,410,3,0,0.85,1.99,0
2026-01-02,P002,Oat Milk Premium 1L,105,305,3,0,0.85,1.99,0
2026-01-03,P002,Oat Milk Premium 1L,82,223,3,0,0.85,1.99,0
2026-01-04,P002,Oat Milk Premium 1L,63,160,3,3,0.85,1.99,0
2026-01-05,P002,Oat Milk Premium 1L,58,102,3,2,0.85,1.99,0
2026-01-06,P002,Oat Milk Premium 1L,69,33,3,1,0.85,1.99,0
2026-01-07,P002,Oat Milk Premium 1L,33,900,3,0,0.85,1.99,1
2026-01-08,P002,Oat Milk Premium 1L,64,836,3,0,0.85,1.99,0
2026-01-09,P002,Oat Milk Premium 1L,83,753,3,0,0.85,1.99,0
2026-01-10,P002,Oat Milk Premium 1L,70,683,3,0,0.85,1.99,0
2026-01-11,P002,Oat Milk Premium 1L,52,631,3,0,0.85,1.99,0
2026-01-12,P002,Oat Milk Premium 1L,43,588,3,0,0.85,1.99,0
2026-01-13,P002,Oat Milk Premium 1L,64,524,3,0,0.85,1.99,0
2026-01-14,P002,Oat Milk Premium 1L,55,469,3,0,0.85,1.99,0
2026-01-15,P002,Oat Milk Premium 1L,64,405,3,0,0.85,1.99,0
2026-01-16,P002,Oat Milk Premium 1L,73,332,3,0,0.85,1.99,0
2026-01-17,P002,Oat Milk Premium 1L,87,245,3,0,0.85,1.99,0
2026-01-18,P002,Oat Milk Premium 1L,61,184,3,0,0.85,1.99,0
2026-01-19,P002,Oat Milk Premium 1L,62,122,3,2,0.85,1.99,0
2026-01-20,P002,Oat Milk Premium 1L,50,72,3,1,0.85,1.99,0
2026-01-21,P002,Oat Milk Premium 1L,52,920,3,0,0.85,1.99,0
2026-01-22,P002,Oat Milk Premium 1L,52,868,3,0,0.85,1.99,0
2026-01-23,P002,Oat Milk Premium 1L,71,797,3,0,0.85,1.99,0
2026-01-24,P002,Oat Milk Premium 1L,70,727,3,0,0.85,1.99,0
2026-01-25,P002,Oat Milk Premium 1L,56,671,3,0,0.85,1.99,0
2026-01-26,P002,Oat Milk Premium 1L,57,614,3,0,0.85,1.99,0
2026-01-27,P002,Oat Milk Premium 1L,51,563,3,0,0.85,1.99,0
2026-01-28,P002,Oat Milk Premium 1L,54,509,3,0,0.85,1.99,0
2026-01-29,P002,Oat Milk Premium 1L,51,458,3,0,0.85,1.99,0
2026-01-30,P002,Oat Milk Premium 1L,80,378,3,0,0.85,1.99,0
2026-01-31,P002,Oat Milk Premium 1L,81,297,3,0,0.85,1.99,0
2026-02-01,P002,Oat Milk Premium 1L,61,236,3,0,0.85,1.99,0
2026-02-02,P002,Oat Milk Premium 1L,72,164,3,3,0.85,1.99,0
2026-02-03,P002,Oat Milk Premium 1L,47,117,3,2,0.85,1.99,0
2026-02-04,P002,Oat Milk Premium 1L,57,60,3,1,0.85,1.99,0
2026-02-05,P002,Oat Milk Premium 1L,51,909,3,0,0.85,1.99,0
2026-02-06,P002,Oat Milk Premium 1L,78,831,3,0,0.85,1.99,0
2026-02-07,P002,Oat Milk Premium 1L,72,759,3,0,0.85,1.99,0
2026-02-08,P002,Oat Milk Premium 1L,61,698,3,0,0.85,1.99,0
2026-02-09,P002,Oat Milk Premium 1L,50,648,3,0,0.85,1.99,0
2026-02-10,P002,Oat Milk Premium 1L,59,589,3,0,0.85,1.99,0
2026-02-11,P002,Oat Milk Premium 1L,52,537,3,0,0.85,1.99,0
2026-02-12,P002,Oat Milk Premium 1L,46,491,3,0,0.85,1.99,0
2026-02-13,P002,Oat Milk Premium 1L,69,422,3,0,0.85,1.99,0
2026-02-14,P002,Oat Milk Premium 1L,84,338,3,0,0.85,1.99,0
2026-02-15,P002,Oat Milk Premium 1L,55,283,3,0,0.85,1.99,0
2026-02-16,P002,Oat Milk Premium 1L,61,222,3,0,0.85,1.99,0
2026-02-17,P002,Oat Milk Premium 1L,71,151,3,3,0.85,1.99,0
2026-02-18,P002,Oat Milk Premium 1L,48,103,3,2,0.85,1.99,0
2026-02-19,P002,Oat Milk Premium 1L,56,47,3,1,0.85,1.99,0
2026-02-20,P002,Oat Milk Premium 1L,47,900,3,0,0.85,1.99,1
2026-02-21,P002,Oat Milk Premium 1L,86,814,3,0,0.85,1.99,0
2026-02-22,P002,Oat Milk Premium 1L,62,752,3,0,0.85,1.99,0
2026-02-23,P002,Oat Milk Premium 1L,58,694,3,0,0.85,1.99,0
2026-02-24,P002,Oat Milk Premium 1L,57,637,3,0,0.85,1.99,0
2026-02-25,P002,Oat Milk Premium 1L,56,581,3,0,0.85,1.99,0
2026-02-26,P002,Oat Milk Premium 1L,59,522,3,0,0.85,1.99,0
2026-02-27,P002,Oat Milk Premium 1L,70,452,3,0,0.85,1.99,0
2026-02-28,P002,Oat Milk Premium 1L,81,371,3,0,0.85,1.99,0
2026-03-01,P002,Oat Milk Premium 1L,48,323,3,0,0.85,1.99,0
2026-03-02,P002,Oat Milk Premium 1L,56,267,3,0,0.85,1.99,0
2026-03-03,P002,Oat Milk Premium 1L,58,209,3,0,0.85,1.99,0
2026-03-04,P002,Oat Milk Premium 1L,52,157,3,3,0.85,1.99,0
2026-03-05,P002,Oat Milk Premium 1L,44,113,3,2,0.85,1.99,0
2026-03-06,P002,Oat Milk Premium 1L,84,29,3,1,0.85,1.99,0
2026-03-07,P002,Oat Milk Premium 1L,29,900,3,0,0.85,1.99,1
2026-03-08,P002,Oat Milk Premium 1L,42,858,3,0,0.85,1.99,0
2026-03-09,P002,Oat Milk Premium 1L,47,811,3,0,0.85,1.99,0
2026-03-10,P002,Oat Milk Premium 1L,48,763,3,0,0.85,1.99,0
2026-03-11,P002,Oat Milk Premium 1L,40,723,3,0,0.85,1.99,0
2026-03-12,P002,Oat Milk Premium 1L,40,683,3,0,0.85,1.99,0
2026-03-13,P002,Oat Milk Premium 1L,71,612,3,0,0.85,1.99,0
2026-03-14,P002,Oat Milk Premium 1L,90,522,3,0,0.85,1.99,0
2026-03-15,P002,Oat Milk Premium 1L,55,467,3,0,0.85,1.99,0
2026-03-16,P002,Oat Milk Premium 1L,50,417,3,0,0.85,1.99,0
2026-03-17,P002,Oat Milk Premium 1L,55,362,3,0,0.85,1.99,0
2026-03-18,P002,Oat Milk Premium 1L,53,309,3,0,0.85,1.99,0
2026-03-19,P002,Oat Milk Premium 1L,55,254,3,0,0.85,1.99,0
2026-03-20,P002,Oat Milk Premium 1L,68,186,3,0,0.85,1.99,0
2026-03-21,P002,Oat Milk Premium 1L,69,117,3,2,0.85,1.99,0
2026-03-22,P002,Oat Milk Premium 1L,60,57,3,1,0.85,1.99,0
2026-03-23,P002,Oat Milk Premium 1L,57,900,3,0,0.85,1.99,1
2026-03-24,P002,Oat Milk Premium 1L,67,833,3,0,0.85,1.99,0
2026-03-25,P002,Oat Milk Premium 1L,52,781,3,0,0.85,1.99,0
2026-03-26,P002,Oat Milk Premium 1L,55,726,3,0,0.85,1.99,0
2026-03-27,P002,Oat Milk Premium 1L,78,648,3,0,0.85,1.99,0
2026-03-28,P002,Oat Milk Premium 1L,64,584,3,0,0.85,1.99,0
2026-03-29,P002,Oat Milk Premium 1L,44,540,3,0,0.85,1.99,0
2026-03-30,P002,Oat Milk Premium 1L,61,479,3,0,0.85,1.99,0
2026-03-31,P002,Oat Milk Premium 1L,49,430,3,0,0.85,1.99,0
2026-04-01,P002,Oat Milk Premium 1L,55,375,3,0,0.85,1.99,0
2026-04-02,P002,Oat Milk Premium 1L,52,323,3,0,0.85,1.99,0
2026-04-03,P002,Oat Milk Premium 1L,81,242,3,0,0.85,1.99,0
2026-04-04,P002,Oat Milk Premium 1L,93,149,3,2,0.85,1.99,0
2026-04-05,P002,Oat Milk Premium 1L,44,105,3,1,0.85,1.99,0
2026-04-06,P002,Oat Milk Premium 1L,51,954,3,0,0.85,1.99,0
2026-04-07,P002,Oat Milk Premium 1L,63,891,3,0,0.85,1.99,0
2026-04-08,P002,Oat Milk Premium 1L,61,830,3,0,0.85,1.99,0
2026-04-09,P002,Oat Milk Premium 1L,41,789,3,0,0.85,1.99,0
2026-04-10,P002,Oat Milk Premium 1L,68,721,3,0,0.85,1.99,0
2026-04-11,P002,Oat Milk Premium 1L,74,647,3,0,0.85,1.99,0
2026-04-12,P002,Oat Milk Premium 1L,57,590,3,0,0.85,1.99,0
2026-04-13,P002,Oat Milk Premium 1L,67,523,3,0,0.85,1.99,0
2026-04-14,P002,Oat Milk Premium 1L,56,467,3,0,0.85,1.99,0
2026-04-15,P002,Oat Milk Premium 1L,46,421,3,0,0.85,1.99,0
2026-04-16,P002,Oat Milk Premium 1L,52,369,3,0,0.85,1.99,0
2026-04-17,P002,Oat Milk Premium 1L,74,295,3,0,0.85,1.99,0
2026-04-18,P002,Oat Milk Premium 1L,73,222,3,0,0.85,1.99,0
2026-04-19,P002,Oat Milk Premium 1L,53,169,3,1,0.85,1.99,0
2026-04-20,P002,Oat Milk Premium 1L,57,1012,3,0,0.85,1.99,0
2026-04-21,P002,Oat Milk Premium 1L,45,967,3,0,0.85,1.99,0
2026-04-22,P002,Oat Milk Premium 1L,61,906,3,0,0.85,1.99,0
2026-04-23,P002,Oat Milk Premium 1L,39,867,3,0,0.85,1.99,0
2026-04-24,P002,Oat Milk Premium 1L,67,800,3,0,0.85,1.99,0
2026-04-25,P002,Oat Milk Premium 1L,73,727,3,0,0.85,1.99,0
2026-04-26,P002,Oat Milk Premium 1L,58,669,3,0,0.85,1.99,0
2026-04-27,P002,Oat Milk Premium 1L,61,608,3,0,0.85,1.99,0
2026-04-28,P002,Oat Milk Premium 1L,50,558,3,0,0.85,1.99,0
2026-04-29,P002,Oat Milk Premium 1L,55,503,3,0,0.85,1.99,0
2026-04-30,P002,Oat Milk Premium 1L,53,450,3,0,0.85,1.99,0
2026-05-01,P002,Oat Milk Premium 1L,74,376,3,0,0.85,1.99,0
2026-05-02,P002,Oat Milk Premium 1L,88,288,3,0,0.85,1.99,0
2026-05-03,P002,Oat Milk Premium 1L,60,228,3,0,0.85,1.99,0
2026-05-04,P002,Oat Milk Premium 1L,52,176,3,3,0.85,1.99,0
2026-05-05,P002,Oat Milk Premium 1L,60,116,3,2,0.85,1.99,0
2026-05-06,P002,Oat Milk Premium 1L,55,61,3,1,0.85,1.99,0
2026-05-07,P002,Oat Milk Premium 1L,61,900,3,0,0.85,1.99,1
2026-05-08,P002,Oat Milk Premium 1L,65,835,3,0,0.85,1.99,0
2026-05-09,P002,Oat Milk Premium 1L,77,758,3,0,0.85,1.99,0
2026-05-10,P002,Oat Milk Premium 1L,43,715,3,0,0.85,1.99,0
2026-05-11,P002,Oat Milk Premium 1L,45,670,3,0,0.85,1.99,0
2026-05-12,P002,Oat Milk Premium 1L,59,611,3,0,0.85,1.99,0
2026-05-13,P002,Oat Milk Premium 1L,51,560,3,0,0.85,1.99,0
2026-05-14,P002,Oat Milk Premium 1L,53,507,3,0,0.85,1.99,0
2026-05-15,P002,Oat Milk Premium 1L,86,421,3,0,0.85,1.99,0
2026-05-16,P002,Oat Milk Premium 1L,83,338,3,0,0.85,1.99,0
2026-05-17,P002,Oat Milk Premium 1L,48,290,3,0,0.85,1.99,0
2026-05-18,P002,Oat Milk Premium 1L,53,237,3,0,0.85,1.99,0
2026-05-19,P002,Oat Milk Premium 1L,57,180,3,4,0.85,1.99,0
2026-05-20,P002,Oat Milk Premium 1L,40,140,3,3,0.85,1.99,0
2026-05-21,P002,Oat Milk Premium 1L,45,95,3,2,0.85,1.99,0
2026-05-22,P002,Oat Milk Premium 1L,78,17,3,1,0.85,1.99,0
2026-05-23,P002,Oat Milk Premium 1L,17,900,3,0,0.85,1.99,1
2026-05-24,P002,Oat Milk Premium 1L,59,841,3,0,0.85,1.99,0
2026-05-25,P002,Oat Milk Premium 1L,40,801,3,0,0.85,1.99,0
2026-05-26,P002,Oat Milk Premium 1L,51,750,3,0,0.85,1.99,0
2026-05-27,P002,Oat Milk Premium 1L,51,699,3,0,0.85,1.99,0
2026-05-28,P002,Oat Milk Premium 1L,57,642,3,0,0.85,1.99,0
2026-05-29,P002,Oat Milk Premium 1L,68,574,3,0,0.85,1.99,0
2026-05-30,P002,Oat Milk Premium 1L,82,492,3,0,0.85,1.99,0
2026-05-31,P002,Oat Milk Premium 1L,49,443,3,0,0.85,1.99,0
2026-06-01,P002,Oat Milk Premium 1L,49,394,3,0,0.85,1.99,0
2026-06-02,P002,Oat Milk Premium 1L,57,337,3,0,0.85,1.99,0
2026-06-03,P002,Oat Milk Premium 1L,47,290,3,0,0.85,1.99,0
2026-06-04,P002,Oat Milk Premium 1L,56,234,3,0,0.85,1.99,0
2026-06-05,P002,Oat Milk Premium 1L,82,152,3,4,0.85,1.99,0
2026-06-06,P002,Oat Milk Premium 1L,86,66,3,3,0.85,1.99,0
2026-06-07,P002,Oat Milk Premium 1L,56,10,3,2,0.85,1.99,0
2026-06-08,P002,Oat Milk Premium 1L,10,0,3,1,0.85,1.99,1
2026-06-09,P002,Oat Milk Premium 1L,0,900,3,0,0.85,1.99,1
2026-06-10,P002,Oat Milk Premium 1L,67,833,3,0,0.85,1.99,0
2026-06-11,P002,Oat Milk Premium 1L,51,782,3,0,0.85,1.99,0
2026-06-12,P002,Oat Milk Premium 1L,76,706,3,0,0.85,1.99,0
2026-06-13,P002,Oat Milk Premium 1L,96,610,3,0,0.85,1.99,0
2026-06-14,P002,Oat Milk Premium 1L,44,566,3,0,0.85,1.99,0
2026-06-15,P002,Oat Milk Premium 1L,64,502,3,0,0.85,1.99,0
2026-06-16,P002,Oat Milk Premium 1L,49,453,3,0,0.85,1.99,0
2026-06-17,P002,Oat Milk Premium 1L,63,390,3,0,0.85,1.99,0
2025-06-18,P003,Eco Dishwasher Tabs,20,130,7,0,4.2,8.99,0
2025-06-19,P003,Eco Dishwasher Tabs,16,114,7,0,4.2,8.99,0
2025-06-20,P003,Eco Dishwasher Tabs,23,91,7,7,4.2,8.99,0
2025-06-21,P003,Eco Dishwasher Tabs,9,82,7,6,4.2,8.99,0
2025-06-22,P003,Eco Dishwasher Tabs,9,73,7,5,4.2,8.99,0
2025-06-23,P003,Eco Dishwasher Tabs,17,56,7,4,4.2,8.99,0
2025-06-24,P003,Eco Dishwasher Tabs,13,43,7,3,4.2,8.99,0
2025-06-25,P003,Eco Dishwasher Tabs,16,27,7,2,4.2,8.99,0
2025-06-26,P003,Eco Dishwasher Tabs,14,13,7,1,4.2,8.99,0
2025-06-27,P003,Eco Dishwasher Tabs,13,225,7,0,4.2,8.99,1
2025-06-28,P003,Eco Dishwasher Tabs,21,204,7,0,4.2,8.99,0
2025-06-29,P003,Eco Dishwasher Tabs,9,195,7,0,4.2,8.99,0
2025-06-30,P003,Eco Dishwasher Tabs,8,187,7,0,4.2,8.99,0
2025-07-01,P003,Eco Dishwasher Tabs,17,170,7,0,4.2,8.99,0
2025-07-02,P003,Eco Dishwasher Tabs,14,156,7,0,4.2,8.99,0
2025-07-03,P003,Eco Dishwasher Tabs,15,141,7,0,4.2,8.99,0
2025-07-04,P003,Eco Dishwasher Tabs,17,124,7,0,4.2,8.99,0
2025-07-05,P003,Eco Dishwasher Tabs,20,104,7,5,4.2,8.99,0
2025-07-06,P003,Eco Dishwasher Tabs,17,87,7,4,4.2,8.99,0
2025-07-07,P003,Eco Dishwasher Tabs,16,71,7,3,4.2,8.99,0
2025-07-08,P003,Eco Dishwasher Tabs,22,49,7,2,4.2,8.99,0
2025-07-09,P003,Eco Dishwasher Tabs,11,38,7,1,4.2,8.99,0
2025-07-10,P003,Eco Dishwasher Tabs,11,252,7,0,4.2,8.99,0
2025-07-11,P003,Eco Dishwasher Tabs,19,233,7,0,4.2,8.99,0
2025-07-12,P003,Eco Dishwasher Tabs,26,207,7,0,4.2,8.99,0
2025-07-13,P003,Eco Dishwasher Tabs,12,195,7,0,4.2,8.99,0
2025-07-14,P003,Eco Dishwasher Tabs,16,179,7,0,4.2,8.99,0
2025-07-15,P003,Eco Dishwasher Tabs,15,164,7,0,4.2,8.99,0
2025-07-16,P003,Eco Dishwasher Tabs,17,147,7,0,4.2,8.99,0
2025-07-17,P003,Eco Dishwasher Tabs,14,133,7,0,4.2,8.99,0
2025-07-18,P003,Eco Dishwasher Tabs,21,112,7,0,4.2,8.99,0
2025-07-19,P003,Eco Dishwasher Tabs,20,92,7,9,4.2,8.99,0
2025-07-20,P003,Eco Dishwasher Tabs,15,77,7,8,4.2,8.99,0
2025-07-21,P003,Eco Dishwasher Tabs,11,66,7,7,4.2,8.99,0
2025-07-22,P003,Eco Dishwasher Tabs,13,53,7,6,4.2,8.99,0
2025-07-23,P003,Eco Dishwasher Tabs,6,47,7,5,4.2,8.99,0
2025-07-24,P003,Eco Dishwasher Tabs,17,30,7,4,4.2,8.99,0
2025-07-25,P003,Eco Dishwasher Tabs,24,6,7,3,4.2,8.99,0
2025-07-26,P003,Eco Dishwasher Tabs,6,0,7,2,4.2,8.99,1
2025-07-27,P003,Eco Dishwasher Tabs,0,0,7,1,4.2,8.99,1
2025-07-28,P003,Eco Dishwasher Tabs,0,225,7,0,4.2,8.99,1
2025-07-29,P003,Eco Dishwasher Tabs,15,210,7,0,4.2,8.99,0
2025-07-30,P003,Eco Dishwasher Tabs,15,195,7,0,4.2,8.99,0
2025-07-31,P003,Eco Dishwasher Tabs,15,180,7,0,4.2,8.99,0
2025-08-01,P003,Eco Dishwasher Tabs,13,167,7,0,4.2,8.99,0
2025-08-02,P003,Eco Dishwasher Tabs,25,142,7,0,4.2,8.99,0
2025-08-03,P003,Eco Dishwasher Tabs,14,128,7,0,4.2,8.99,0
2025-08-04,P003,Eco Dishwasher Tabs,10,118,7,0,4.2,8.99,0
2025-08-05,P003,Eco Dishwasher Tabs,12,106,7,0,4.2,8.99,0
2025-08-06,P003,Eco Dishwasher Tabs,11,95,7,8,4.2,8.99,0
2025-08-07,P003,Eco Dishwasher Tabs,11,84,7,7,4.2,8.99,0
2025-08-08,P003,Eco Dishwasher Tabs,15,69,7,6,4.2,8.99,0
2025-08-09,P003,Eco Dishwasher Tabs,19,50,7,5,4.2,8.99,0
2025-08-10,P003,Eco Dishwasher Tabs,9,41,7,4,4.2,8.99,0
2025-08-11,P003,Eco Dishwasher Tabs,16,25,7,3,4.2,8.99,0
2025-08-12,P003,Eco Dishwasher Tabs,13,12,7,2,4.2,8.99,0
2025-08-13,P003,Eco Dishwasher Tabs,12,0,7,1,4.2,8.99,1
2025-08-14,P003,Eco Dishwasher Tabs,0,225,7,0,4.2,8.99,1
2025-08-15,P003,Eco Dishwasher Tabs,23,202,7,0,4.2,8.99,0
2025-08-16,P003,Eco Dishwasher Tabs,30,172,7,0,4.2,8.99,0
2025-08-17,P003,Eco Dishwasher Tabs,6,166,7,0,4.2,8.99,0
2025-08-18,P003,Eco Dishwasher Tabs,11,155,7,0,4.2,8.99,0
2025-08-19,P003,Eco Dishwasher Tabs,19,136,7,0,4.2,8.99,0
2025-08-20,P003,Eco Dishwasher Tabs,11,125,7,0,4.2,8.99,0
2025-08-21,P003,Eco Dishwasher Tabs,13,112,7,0,4.2,8.99,0
2025-08-22,P003,Eco Dishwasher Tabs,11,101,7,4,4.2,8.99,0
2025-08-23,P003,Eco Dishwasher Tabs,17,84,7,3,4.2,8.99,0
2025-08-24,P003,Eco Dishwasher Tabs,23,61,7,2,4.2,8.99,0
2025-08-25,P003,Eco Dishwasher Tabs,21,40,7,1,4.2,8.99,0
2025-08-26,P003,Eco Dishwasher Tabs,13,252,7,0,4.2,8.99,0
2025-08-27,P003,Eco Dishwasher Tabs,11,241,7,0,4.2,8.99,0
2025-08-28,P003,Eco Dishwasher Tabs,10,231,7,0,4.2,8.99,0
2025-08-29,P003,Eco Dishwasher Tabs,21,210,7,0,4.2,8.99,0
2025-08-30,P003,Eco Dishwasher Tabs,13,197,7,0,4.2,8.99,0
2025-08-31,P003,Eco Dishwasher Tabs,10,187,7,0,4.2,8.99,0
2025-09-01,P003,Eco Dishwasher Tabs,18,169,7,0,4.2,8.99,0
2025-09-02,P003,Eco Dishwasher Tabs,14,155,7,0,4.2,8.99,0
2025-09-03,P003,Eco Dishwasher Tabs,18,137,7,0,4.2,8.99,0
2025-09-04,P003,Eco Dishwasher Tabs,7,130,7,0,4.2,8.99,0
2025-09-05,P003,Eco Dishwasher Tabs,20,110,7,0,4.2,8.99,0
2025-09-06,P003,Eco Dishwasher Tabs,19,91,7,7,4.2,8.99,0
2025-09-07,P003,Eco Dishwasher Tabs,18,73,7,6,4.2,8.99,0
2025-09-08,P003,Eco Dishwasher Tabs,13,60,7,5,4.2,8.99,0
2025-09-09,P003,Eco Dishwasher Tabs,15,45,7,4,4.2,8.99,0
2025-09-10,P003,Eco Dishwasher Tabs,6,39,7,3,4.2,8.99,0
2025-09-11,P003,Eco Dishwasher Tabs,17,22,7,2,4.2,8.99,0
2025-09-12,P003,Eco Dishwasher Tabs,15,7,7,1,4.2,8.99,0
2025-09-13,P003,Eco Dishwasher Tabs,7,225,7,0,4.2,8.99,1
2025-09-14,P003,Eco Dishwasher Tabs,16,209,7,0,4.2,8.99,0
2025-09-15,P003,Eco Dishwasher Tabs,10,199,7,0,4.2,8.99,0
2025-09-16,P003,Eco Dishwasher Tabs,13,186,7,0,4.2,8.99,0
2025-09-17,P003,Eco Dishwasher Tabs,14,172,7,0,4.2,8.99,0
2025-09-18,P003,Eco Dishwasher Tabs,8,164,7,0,4.2,8.99,0
2025-09-19,P003,Eco Dishwasher Tabs,24,140,7,0,4.2,8.99,0
2025-09-20,P003,Eco Dishwasher Tabs,15,125,7,0,4.2,8.99,0
2025-09-21,P003,Eco Dishwasher Tabs,11,114,7,0,4.2,8.99,0
2025-09-22,P003,Eco Dishwasher Tabs,14,100,7,6,4.2,8.99,0
2025-09-23,P003,Eco Dishwasher Tabs,20,80,7,5,4.2,8.99,0
2025-09-24,P003,Eco Dishwasher Tabs,9,71,7,4,4.2,8.99,0
2025-09-25,P003,Eco Dishwasher Tabs,17,54,7,3,4.2,8.99,0
2025-09-26,P003,Eco Dishwasher Tabs,14,40,7,2,4.2,8.99,0
2025-09-27,P003,Eco Dishwasher Tabs,22,18,7,1,4.2,8.99,0
2025-09-28,P003,Eco Dishwasher Tabs,13,230,7,0,4.2,8.99,0
2025-09-29,P003,Eco Dishwasher Tabs,17,213,7,0,4.2,8.99,0
2025-09-30,P003,Eco Dishwasher Tabs,24,189,7,0,4.2,8.99,0
2025-10-01,P003,Eco Dishwasher Tabs,15,174,7,0,4.2,8.99,0
2025-10-02,P003,Eco Dishwasher Tabs,19,155,7,0,4.2,8.99,0
2025-10-03,P003,Eco Dishwasher Tabs,14,141,7,0,4.2,8.99,0
2025-10-04,P003,Eco Dishwasher Tabs,20,121,7,0,4.2,8.99,0
2025-10-05,P003,Eco Dishwasher Tabs,10,111,7,0,4.2,8.99,0
2025-10-06,P003,Eco Dishwasher Tabs,17,94,7,8,4.2,8.99,0
2025-10-07,P003,Eco Dishwasher Tabs,16,78,7,7,4.2,8.99,0
2025-10-08,P003,Eco Dishwasher Tabs,13,65,7,6,4.2,8.99,0
2025-10-09,P003,Eco Dishwasher Tabs,13,52,7,5,4.2,8.99,0
2025-10-10,P003,Eco Dishwasher Tabs,19,33,7,4,4.2,8.99,0
2025-10-11,P003,Eco Dishwasher Tabs,17,16,7,3,4.2,8.99,0
2025-10-12,P003,Eco Dishwasher Tabs,8,8,7,2,4.2,8.99,0
2025-10-13,P003,Eco Dishwasher Tabs,8,0,7,1,4.2,8.99,1
2025-10-14,P003,Eco Dishwasher Tabs,0,225,7,0,4.2,8.99,1
2025-10-15,P003,Eco Dishwasher Tabs,15,210,7,0,4.2,8.99,0
2025-10-16,P003,Eco Dishwasher Tabs,12,198,7,0,4.2,8.99,0
2025-10-17,P003,Eco Dishwasher Tabs,21,177,7,0,4.2,8.99,0
2025-10-18,P003,Eco Dishwasher Tabs,22,155,7,0,4.2,8.99,0
2025-10-19,P003,Eco Dishwasher Tabs,16,139,7,0,4.2,8.99,0
2025-10-20,P003,Eco Dishwasher Tabs,11,128,7,0,4.2,8.99,0
2025-10-21,P003,Eco Dishwasher Tabs,16,112,7,0,4.2,8.99,0
2025-10-22,P003,Eco Dishwasher Tabs,11,101,7,7,4.2,8.99,0
2025-10-23,P003,Eco Dishwasher Tabs,18,83,7,6,4.2,8.99,0
2025-10-24,P003,Eco Dishwasher Tabs,24,59,7,5,4.2,8.99,0
2025-10-25,P003,Eco Dishwasher Tabs,22,37,7,4,4.2,8.99,0
2025-10-26,P003,Eco Dishwasher Tabs,8,29,7,3,4.2,8.99,0
2025-10-27,P003,Eco Dishwasher Tabs,13,16,7,2,4.2,8.99,0
2025-10-28,P003,Eco Dishwasher Tabs,14,2,7,1,4.2,8.99,0
2025-10-29,P003,Eco Dishwasher Tabs,2,225,7,0,4.2,8.99,1
2025-10-30,P003,Eco Dishwasher Tabs,13,212,7,0,4.2,8.99,0
2025-10-31,P003,Eco Dishwasher Tabs,16,196,7,0,4.2,8.99,0
2025-11-01,P003,Eco Dishwasher Tabs,17,179,7,0,4.2,8.99,0
2025-11-02,P003,Eco Dishwasher Tabs,16,163,7,0,4.2,8.99,0
2025-11-03,P003,Eco Dishwasher Tabs,16,147,7,0,4.2,8.99,0
2025-11-04,P003,Eco Dishwasher Tabs,18,129,7,0,4.2,8.99,0
2025-11-05,P003,Eco Dishwasher Tabs,18,111,7,0,4.2,8.99,0
2025-11-06,P003,Eco Dishwasher Tabs,16,95,7,7,4.2,8.99,0
2025-11-07,P003,Eco Dishwasher Tabs,13,82,7,6,4.2,8.99,0
2025-11-08,P003,Eco Dishwasher Tabs,17,65,7,5,4.2,8.99,0
2025-11-09,P003,Eco Dishwasher Tabs,11,54,7,4,4.2,8.99,0
2025-11-10,P003,Eco Dishwasher Tabs,16,38,7,3,4.2,8.99,0
2025-11-11,P003,Eco Dishwasher Tabs,15,23,7,2,4.2,8.99,0
2025-11-12,P003,Eco Dishwasher Tabs,19,4,7,1,4.2,8.99,0
2025-11-13,P003,Eco Dishwasher Tabs,4,225,7,0,4.2,8.99,1
2025-11-14,P003,Eco Dishwasher Tabs,24,201,7,0,4.2,8.99,0
2025-11-15,P003,Eco Dishwasher Tabs,25,176,7,0,4.2,8.99,0
2025-11-16,P003,Eco Dishwasher Tabs,15,161,7,0,4.2,8.99,0
2025-11-17,P003,Eco Dishwasher Tabs,8,153,7,0,4.2,8.99,0
2025-11-18,P003,Eco Dishwasher Tabs,15,138,7,0,4.2,8.99,0
2025-11-19,P003,Eco Dishwasher Tabs,19,119,7,0,4.2,8.99,0
2025-11-20,P003,Eco Dishwasher Tabs,14,105,7,6,4.2,8.99,0
2025-11-21,P003,Eco Dishwasher Tabs,23,82,7,5,4.2,8.99,0
2025-11-22,P003,Eco Dishwasher Tabs,26,56,7,4,4.2,8.99,0
2025-11-23,P003,Eco Dishwasher Tabs,15,41,7,3,4.2,8.99,0
2025-11-24,P003,Eco Dishwasher Tabs,14,27,7,2,4.2,8.99,0
2025-11-25,P003,Eco Dishwasher Tabs,10,17,7,1,4.2,8.99,0
2025-11-26,P003,Eco Dishwasher Tabs,8,234,7,0,4.2,8.99,0
2025-11-27,P003,Eco Dishwasher Tabs,13,221,7,0,4.2,8.99,0
2025-11-28,P003,Eco Dishwasher Tabs,29,192,7,0,4.2,8.99,0
2025-11-29,P003,Eco Dishwasher Tabs,23,169,7,0,4.2,8.99,0
2025-11-30,P003,Eco Dishwasher Tabs,15,154,7,0,4.2,8.99,0
2025-12-01,P003,Eco Dishwasher Tabs,11,143,7,0,4.2,8.99,0
2025-12-02,P003,Eco Dishwasher Tabs,13,130,7,0,4.2,8.99,0
2025-12-03,P003,Eco Dishwasher Tabs,9,121,7,0,4.2,8.99,0
2025-12-04,P003,Eco Dishwasher Tabs,13,108,7,0,4.2,8.99,0
2025-12-05,P003,Eco Dishwasher Tabs,21,87,7,5,4.2,8.99,0
2025-12-06,P003,Eco Dishwasher Tabs,15,72,7,4,4.2,8.99,0
2025-12-07,P003,Eco Dishwasher Tabs,10,62,7,3,4.2,8.99,0
2025-12-08,P003,Eco Dishwasher Tabs,8,54,7,2,4.2,8.99,0
2025-12-09,P003,Eco Dishwasher Tabs,17,37,7,1,4.2,8.99,0
2025-12-10,P003,Eco Dishwasher Tabs,14,248,7,0,4.2,8.99,0
2025-12-11,P003,Eco Dishwasher Tabs,20,228,7,0,4.2,8.99,0
2025-12-12,P003,Eco Dishwasher Tabs,12,216,7,0,4.2,8.99,0
2025-12-13,P003,Eco Dishwasher Tabs,13,203,7,0,4.2,8.99,0
2025-12-14,P003,Eco Dishwasher Tabs,14,189,7,0,4.2,8.99,0
2025-12-15,P003,Eco Dishwasher Tabs,13,176,7,0,4.2,8.99,0
2025-12-16,P003,Eco Dishwasher Tabs,11,165,7,0,4.2,8.99,0
2025-12-17,P003,Eco Dishwasher Tabs,13,152,7,0,4.2,8.99,0
2025-12-18,P003,Eco Dishwasher Tabs,19,133,7,0,4.2,8.99,0
2025-12-19,P003,Eco Dishwasher Tabs,21,112,7,0,4.2,8.99,0
2025-12-20,P003,Eco Dishwasher Tabs,24,88,7,6,4.2,8.99,0
2025-12-21,P003,Eco Dishwasher Tabs,11,77,7,5,4.2,8.99,0
2025-12-22,P003,Eco Dishwasher Tabs,15,62,7,4,4.2,8.99,0
2025-12-23,P003,Eco Dishwasher Tabs,8,54,7,3,4.2,8.99,0
2025-12-24,P003,Eco Dishwasher Tabs,13,41,7,2,4.2,8.99,0
2025-12-25,P003,Eco Dishwasher Tabs,8,33,7,1,4.2,8.99,0
2025-12-26,P003,Eco Dishwasher Tabs,23,235,7,0,4.2,8.99,0
2025-12-27,P003,Eco Dishwasher Tabs,12,223,7,0,4.2,8.99,0
2025-12-28,P003,Eco Dishwasher Tabs,21,202,7,0,4.2,8.99,0
2025-12-29,P003,Eco Dishwasher Tabs,15,187,7,0,4.2,8.99,0
2025-12-30,P003,Eco Dishwasher Tabs,14,173,7,0,4.2,8.99,0
2025-12-31,P003,Eco Dishwasher Tabs,16,157,7,0,4.2,8.99,0
2026-01-01,P003,Eco Dishwasher Tabs,19,138,7,0,4.2,8.99,0
2026-01-02,P003,Eco Dishwasher Tabs,20,118,7,0,4.2,8.99,0
2026-01-03,P003,Eco Dishwasher Tabs,17,101,7,7,4.2,8.99,0
2026-01-04,P003,Eco Dishwasher Tabs,14,87,7,6,4.2,8.99,0
2026-01-05,P003,Eco Dishwasher Tabs,8,79,7,5,4.2,8.99,0
2026-01-06,P003,Eco Dishwasher Tabs,12,67,7,4,4.2,8.99,0
2026-01-07,P003,Eco Dishwasher Tabs,15,52,7,3,4.2,8.99,0
2026-01-08,P003,Eco Dishwasher Tabs,16,36,7,2,4.2,8.99,0
2026-01-09,P003,Eco Dishwasher Tabs,22,14,7,1,4.2,8.99,0
2026-01-10,P003,Eco Dishwasher Tabs,14,225,7,0,4.2,8.99,1
2026-01-11,P003,Eco Dishwasher Tabs,13,212,7,0,4.2,8.99,0
2026-01-12,P003,Eco Dishwasher Tabs,20,192,7,0,4.2,8.99,0
2026-01-13,P003,Eco Dishwasher Tabs,11,181,7,0,4.2,8.99,0
2026-01-14,P003,Eco Dishwasher Tabs,12,169,7,0,4.2,8.99,0
2026-01-15,P003,Eco Dishwasher Tabs,16,153,7,0,4.2,8.99,0
2026-01-16,P003,Eco Dishwasher Tabs,18,135,7,0,4.2,8.99,0
2026-01-17,P003,Eco Dishwasher Tabs,19,116,7,0,4.2,8.99,0
2026-01-18,P003,Eco Dishwasher Tabs,19,97,7,8,4.2,8.99,0
2026-01-19,P003,Eco Dishwasher Tabs,12,85,7,7,4.2,8.99,0
2026-01-20,P003,Eco Dishwasher Tabs,12,73,7,6,4.2,8.99,0
2026-01-21,P003,Eco Dishwasher Tabs,15,58,7,5,4.2,8.99,0
2026-01-22,P003,Eco Dishwasher Tabs,12,46,7,4,4.2,8.99,0
2026-01-23,P003,Eco Dishwasher Tabs,22,24,7,3,4.2,8.99,0
2026-01-24,P003,Eco Dishwasher Tabs,19,5,7,2,4.2,8.99,0
2026-01-25,P003,Eco Dishwasher Tabs,5,0,7,1,4.2,8.99,1
2026-01-26,P003,Eco Dishwasher Tabs,0,225,7,0,4.2,8.99,1
2026-01-27,P003,Eco Dishwasher Tabs,16,209,7,0,4.2,8.99,0
2026-01-28,P003,Eco Dishwasher Tabs,11,198,7,0,4.2,8.99,0
2026-01-29,P003,Eco Dishwasher Tabs,15,183,7,0,4.2,8.99,0
2026-01-30,P003,Eco Dishwasher Tabs,31,152,7,0,4.2,8.99,0
2026-01-31,P003,Eco Dishwasher Tabs,18,134,7,0,4.2,8.99,0
2026-02-01,P003,Eco Dishwasher Tabs,14,120,7,0,4.2,8.99,0
2026-02-02,P003,Eco Dishwasher Tabs,14,106,7,0,4.2,8.99,0
2026-02-03,P003,Eco Dishwasher Tabs,13,93,7,8,4.2,8.99,0
2026-02-04,P003,Eco Dishwasher Tabs,11,82,7,7,4.2,8.99,0
2026-02-05,P003,Eco Dishwasher Tabs,6,76,7,6,4.2,8.99,0
2026-02-06,P003,Eco Dishwasher Tabs,20,56,7,5,4.2,8.99,0
2026-02-07,P003,Eco Dishwasher Tabs,20,36,7,4,4.2,8.99,0
2026-02-08,P003,Eco Dishwasher Tabs,13,23,7,3,4.2,8.99,0
2026-02-09,P003,Eco Dishwasher Tabs,13,10,7,2,4.2,8.99,0
2026-02-10,P003,Eco Dishwasher Tabs,10,0,7,1,4.2,8.99,1
2026-02-11,P003,Eco Dishwasher Tabs,0,225,7,0,4.2,8.99,1
2026-02-12,P003,Eco Dishwasher Tabs,12,213,7,0,4.2,8.99,0
2026-02-13,P003,Eco Dishwasher Tabs,19,194,7,0,4.2,8.99,0
2026-02-14,P003,Eco Dishwasher Tabs,20,174,7,0,4.2,8.99,0
2026-02-15,P003,Eco Dishwasher Tabs,9,165,7,0,4.2,8.99,0
2026-02-16,P003,Eco Dishwasher Tabs,11,154,7,0,4.2,8.99,0
2026-02-17,P003,Eco Dishwasher Tabs,21,133,7,0,4.2,8.99,0
2026-02-18,P003,Eco Dishwasher Tabs,13,120,7,0,4.2,8.99,0
2026-02-19,P003,Eco Dishwasher Tabs,14,106,7,0,4.2,8.99,0
2026-02-20,P003,Eco Dishwasher Tabs,16,90,7,6,4.2,8.99,0
2026-02-21,P003,Eco Dishwasher Tabs,20,70,7,5,4.2,8.99,0
2026-02-22,P003,Eco Dishwasher Tabs,14,56,7,4,4.2,8.99,0
2026-02-23,P003,Eco Dishwasher Tabs,10,46,7,3,4.2,8.99,0
2026-02-24,P003,Eco Dishwasher Tabs,18,28,7,2,4.2,8.99,0
2026-02-25,P003,Eco Dishwasher Tabs,13,15,7,1,4.2,8.99,0
2026-02-26,P003,Eco Dishwasher Tabs,15,225,7,0,4.2,8.99,1
2026-02-27,P003,Eco Dishwasher Tabs,22,203,7,0,4.2,8.99,0
2026-02-28,P003,Eco Dishwasher Tabs,17,186,7,0,4.2,8.99,0
2026-03-01,P003,Eco Dishwasher Tabs,17,169,7,0,4.2,8.99,0
2026-03-02,P003,Eco Dishwasher Tabs,15,154,7,0,4.2,8.99,0
2026-03-03,P003,Eco Dishwasher Tabs,11,143,7,0,4.2,8.99,0
2026-03-04,P003,Eco Dishwasher Tabs,16,127,7,0,4.2,8.99,0
2026-03-05,P003,Eco Dishwasher Tabs,16,111,7,0,4.2,8.99,0
2026-03-06,P003,Eco Dishwasher Tabs,22,89,7,8,4.2,8.99,0
2026-03-07,P003,Eco Dishwasher Tabs,25,64,7,7,4.2,8.99,0
2026-03-08,P003,Eco Dishwasher Tabs,7,57,7,6,4.2,8.99,0
2026-03-09,P003,Eco Dishwasher Tabs,7,50,7,5,4.2,8.99,0
2026-03-10,P003,Eco Dishwasher Tabs,12,38,7,4,4.2,8.99,0
2026-03-11,P003,Eco Dishwasher Tabs,12,26,7,3,4.2,8.99,0
2026-03-12,P003,Eco Dishwasher Tabs,14,12,7,2,4.2,8.99,0
2026-03-13,P003,Eco Dishwasher Tabs,12,0,7,1,4.2,8.99,0
2026-03-14,P003,Eco Dishwasher Tabs,0,225,7,0,4.2,8.99,1
2026-03-15,P003,Eco Dishwasher Tabs,5,220,7,0,4.2,8.99,0
2026-03-16,P003,Eco Dishwasher Tabs,12,208,7,0,4.2,8.99,0
2026-03-17,P003,Eco Dishwasher Tabs,10,198,7,0,4.2,8.99,0
2026-03-18,P003,Eco Dishwasher Tabs,12,186,7,0,4.2,8.99,0
2026-03-19,P003,Eco Dishwasher Tabs,11,175,7,0,4.2,8.99,0
2026-03-20,P003,Eco Dishwasher Tabs,16,159,7,0,4.2,8.99,0
2026-03-21,P003,Eco Dishwasher Tabs,18,141,7,0,4.2,8.99,0
2026-03-22,P003,Eco Dishwasher Tabs,13,128,7,0,4.2,8.99,0
2026-03-23,P003,Eco Dishwasher Tabs,14,114,7,0,4.2,8.99,0
2026-03-24,P003,Eco Dishwasher Tabs,7,107,7,0,4.2,8.99,0
2026-03-25,P003,Eco Dishwasher Tabs,10,97,7,7,4.2,8.99,0
2026-03-26,P003,Eco Dishwasher Tabs,14,83,7,6,4.2,8.99,0
2026-03-27,P003,Eco Dishwasher Tabs,14,69,7,5,4.2,8.99,0
2026-03-28,P003,Eco Dishwasher Tabs,16,53,7,4,4.2,8.99,0
2026-03-29,P003,Eco Dishwasher Tabs,11,42,7,3,4.2,8.99,0
2026-03-30,P003,Eco Dishwasher Tabs,15,27,7,2,4.2,8.99,0
2026-03-31,P003,Eco Dishwasher Tabs,16,11,7,1,4.2,8.99,0
2026-04-01,P003,Eco Dishwasher Tabs,5,231,7,0,4.2,8.99,0
2026-04-02,P003,Eco Dishwasher Tabs,16,215,7,0,4.2,8.99,0
2026-04-03,P003,Eco Dishwasher Tabs,25,190,7,0,4.2,8.99,0
2026-04-04,P003,Eco Dishwasher Tabs,16,174,7,0,4.2,8.99,0
2026-04-05,P003,Eco Dishwasher Tabs,11,163,7,0,4.2,8.99,0
2026-04-06,P003,Eco Dishwasher Tabs,12,151,7,0,4.2,8.99,0
2026-04-07,P003,Eco Dishwasher Tabs,18,133,7,0,4.2,8.99,0
2026-04-08,P003,Eco Dishwasher Tabs,13,120,7,0,4.2,8.99,0
2026-04-09,P003,Eco Dishwasher Tabs,13,107,7,0,4.2,8.99,0
2026-04-10,P003,Eco Dishwasher Tabs,21,86,7,7,4.2,8.99,0
2026-04-11,P003,Eco Dishwasher Tabs,22,64,7,6,4.2,8.99,0
2026-04-12,P003,Eco Dishwasher Tabs,11,53,7,5,4.2,8.99,0
2026-04-13,P003,Eco Dishwasher Tabs,17,36,7,4,4.2,8.99,0
2026-04-14,P003,Eco Dishwasher Tabs,5,31,7,3,4.2,8.99,0
2026-04-15,P003,Eco Dishwasher Tabs,22,9,7,2,4.2,8.99,0
2026-04-16,P003,Eco Dishwasher Tabs,9,0,7,1,4.2,8.99,1
2026-04-17,P003,Eco Dishwasher Tabs,0,225,7,0,4.2,8.99,1
2026-04-18,P003,Eco Dishwasher Tabs,18,207,7,0,4.2,8.99,0
2026-04-19,P003,Eco Dishwasher Tabs,17,190,7,0,4.2,8.99,0
2026-04-20,P003,Eco Dishwasher Tabs,10,180,7,0,4.2,8.99,0
2026-04-21,P003,Eco Dishwasher Tabs,13,167,7,0,4.2,8.99,0
2026-04-22,P003,Eco Dishwasher Tabs,10,157,7,0,4.2,8.99,0
2026-04-23,P003,Eco Dishwasher Tabs,15,142,7,0,4.2,8.99,0
2026-04-24,P003,Eco Dishwasher Tabs,14,128,7,0,4.2,8.99,0
2026-04-25,P003,Eco Dishwasher Tabs,23,105,7,5,4.2,8.99,0
2026-04-26,P003,Eco Dishwasher Tabs,16,89,7,4,4.2,8.99,0
2026-04-27,P003,Eco Dishwasher Tabs,19,70,7,3,4.2,8.99,0
2026-04-28,P003,Eco Dishwasher Tabs,12,58,7,2,4.2,8.99,0
2026-04-29,P003,Eco Dishwasher Tabs,8,50,7,1,4.2,8.99,0
2026-04-30,P003,Eco Dishwasher Tabs,11,264,7,0,4.2,8.99,0
2026-05-01,P003,Eco Dishwasher Tabs,17,247,7,0,4.2,8.99,0
2026-05-02,P003,Eco Dishwasher Tabs,13,234,7,0,4.2,8.99,0
2026-05-03,P003,Eco Dishwasher Tabs,13,221,7,0,4.2,8.99,0
2026-05-04,P003,Eco Dishwasher Tabs,14,207,7,0,4.2,8.99,0
2026-05-05,P003,Eco Dishwasher Tabs,23,184,7,0,4.2,8.99,0
2026-05-06,P003,Eco Dishwasher Tabs,15,169,7,0,4.2,8.99,0
2026-05-07,P003,Eco Dishwasher Tabs,8,161,7,0,4.2,8.99,0
2026-05-08,P003,Eco Dishwasher Tabs,23,138,7,0,4.2,8.99,0
2026-05-09,P003,Eco Dishwasher Tabs,13,125,7,0,4.2,8.99,0
2026-05-10,P003,Eco Dishwasher Tabs,17,108,7,0,4.2,8.99,0
2026-05-11,P003,Eco Dishwasher Tabs,12,96,7,8,4.2,8.99,0
2026-05-12,P003,Eco Dishwasher Tabs,18,78,7,7,4.2,8.99,0
2026-05-13,P003,Eco Dishwasher Tabs,17,61,7,6,4.2,8.99,0
2026-05-14,P003,Eco Dishwasher Tabs,12,49,7,5,4.2,8.99,0
2026-05-15,P003,Eco Dishwasher Tabs,11,38,7,4,4.2,8.99,0
2026-05-16,P003,Eco Dishwasher Tabs,16,22,7,3,4.2,8.99,0
2026-05-17,P003,Eco Dishwasher Tabs,16,6,7,2,4.2,8.99,0
2026-05-18,P003,Eco Dishwasher Tabs,6,0,7,1,4.2,8.99,1
2026-05-19,P003,Eco Dishwasher Tabs,0,225,7,0,4.2,8.99,1
2026-05-20,P003,Eco Dishwasher Tabs,12,213,7,0,4.2,8.99,0
2026-05-21,P003,Eco Dishwasher Tabs,10,203,7,0,4.2,8.99,0
2026-05-22,P003,Eco Dishwasher Tabs,21,182,7,0,4.2,8.99,0
2026-05-23,P003,Eco Dishwasher Tabs,20,162,7,0,4.2,8.99,0
2026-05-24,P003,Eco Dishwasher Tabs,17,145,7,0,4.2,8.99,0
2026-05-25,P003,Eco Dishwasher Tabs,12,133,7,0,4.2,8.99,0
2026-05-26,P003,Eco Dishwasher Tabs,11,122,7,0,4.2,8.99,0
2026-05-27,P003,Eco Dishwasher Tabs,20,102,7,7,4.2,8.99,0
2026-05-28,P003,Eco Dishwasher Tabs,16,86,7,6,4.2,8.99,0
2026-05-29,P003,Eco Dishwasher Tabs,14,72,7,5,4.2,8.99,0
2026-05-30,P003,Eco Dishwasher Tabs,21,51,7,4,4.2,8.99,0
2026-05-31,P003,Eco Dishwasher Tabs,14,37,7,3,4.2,8.99,0
2026-06-01,P003,Eco Dishwasher Tabs,13,24,7,2,4.2,8.99,0
2026-06-02,P003,Eco Dishwasher Tabs,7,17,7,1,4.2,8.99,0
2026-06-03,P003,Eco Dishwasher Tabs,17,225,7,0,4.2,8.99,0
2026-06-04,P003,Eco Dishwasher Tabs,14,211,7,0,4.2,8.99,0
2026-06-05,P003,Eco Dishwasher Tabs,9,202,7,0,4.2,8.99,0
2026-06-06,P003,Eco Dishwasher Tabs,19,183,7,0,4.2,8.99,0
2026-06-07,P003,Eco Dishwasher Tabs,18,165,7,0,4.2,8.99,0
2026-06-08,P003,Eco Dishwasher Tabs,23,142,7,0,4.2,8.99,0
2026-06-09,P003,Eco Dishwasher Tabs,14,128,7,0,4.2,8.99,0
2026-06-10,P003,Eco Dishwasher Tabs,13,115,7,0,4.2,8.99,0
2026-06-11,P003,Eco Dishwasher Tabs,7,108,7,0,4.2,8.99,0
2026-06-12,P003,Eco Dishwasher Tabs,23,85,7,6,4.2,8.99,0
2026-06-13,P003,Eco Dishwasher Tabs,19,66,7,5,4.2,8.99,0
2026-06-14,P003,Eco Dishwasher Tabs,10,56,7,4,4.2,8.99,0
2026-06-15,P003,Eco Dishwasher Tabs,15,41,7,3,4.2,8.99,0
2026-06-16,P003,Eco Dishwasher Tabs,14,27,7,2,4.2,8.99,0
2026-06-17,P003,Eco Dishwasher Tabs,13,14,7,1,4.2,8.99,0
2025-06-18,P004,Stainless Water Bottle,3,117,12,0,6.5,19.99,0
2025-06-19,P004,Stainless Water Bottle,7,110,12,0,6.5,19.99,0
2025-06-20,P004,Stainless Water Bottle,10,100,12,0,6.5,19.99,0
2025-06-21,P004,Stainless Water Bottle,6,94,12,12,6.5,19.99,0
2025-06-22,P004,Stainless Water Bottle,9,85,12,11,6.5,19.99,0
2025-06-23,P004,Stainless Water Bottle,8,77,12,10,6.5,19.99,0
2025-06-24,P004,Stainless Water Bottle,3,74,12,9,6.5,19.99,0
2025-06-25,P004,Stainless Water Bottle,9,65,12,8,6.5,19.99,0
2025-06-26,P004,Stainless Water Bottle,10,55,12,7,6.5,19.99,0
2025-06-27,P004,Stainless Water Bottle,9,46,12,6,6.5,19.99,0
2025-06-28,P004,Stainless Water Bottle,7,39,12,5,6.5,19.99,0
2025-06-29,P004,Stainless Water Bottle,10,29,12,4,6.5,19.99,0
2025-06-30,P004,Stainless Water Bottle,5,24,12,3,6.5,19.99,0
2025-07-01,P004,Stainless Water Bottle,1,23,12,2,6.5,19.99,0
2025-07-02,P004,Stainless Water Bottle,6,17,12,1,6.5,19.99,0
2025-07-03,P004,Stainless Water Bottle,1,136,12,0,6.5,19.99,0
2025-07-04,P004,Stainless Water Bottle,7,129,12,0,6.5,19.99,0
2025-07-05,P004,Stainless Water Bottle,10,119,12,0,6.5,19.99,0
2025-07-06,P004,Stainless Water Bottle,12,107,12,0,6.5,19.99,0
2025-07-07,P004,Stainless Water Bottle,7,100,12,0,6.5,19.99,0
2025-07-08,P004,Stainless Water Bottle,9,91,12,11,6.5,19.99,0
2025-07-09,P004,Stainless Water Bottle,11,80,12,10,6.5,19.99,0
2025-07-10,P004,Stainless Water Bottle,12,68,12,9,6.5,19.99,0
2025-07-11,P004,Stainless Water Bottle,14,54,12,8,6.5,19.99,0
2025-07-12,P004,Stainless Water Bottle,10,44,12,7,6.5,19.99,0
2025-07-13,P004,Stainless Water Bottle,9,35,12,6,6.5,19.99,0
2025-07-14,P004,Stainless Water Bottle,6,29,12,5,6.5,19.99,0
2025-07-15,P004,Stainless Water Bottle,8,21,12,4,6.5,19.99,0
2025-07-16,P004,Stainless Water Bottle,5,16,12,3,6.5,19.99,0
2025-07-17,P004,Stainless Water Bottle,7,9,12,2,6.5,19.99,0
2025-07-18,P004,Stainless Water Bottle,9,0,12,1,6.5,19.99,1
2025-07-19,P004,Stainless Water Bottle,0,120,12,0,6.5,19.99,1
2025-07-20,P004,Stainless Water Bottle,8,112,12,0,6.5,19.99,0
2025-07-21,P004,Stainless Water Bottle,5,107,12,0,6.5,19.99,0
2025-07-22,P004,Stainless Water Bottle,8,99,12,0,6.5,19.99,0
2025-07-23,P004,Stainless Water Bottle,7,92,12,11,6.5,19.99,0
2025-07-24,P004,Stainless Water Bottle,6,86,12,10,6.5,19.99,0
2025-07-25,P004,Stainless Water Bottle,12,74,12,9,6.5,19.99,0
2025-07-26,P004,Stainless Water Bottle,11,63,12,8,6.5,19.99,0
2025-07-27,P004,Stainless Water Bottle,9,54,12,7,6.5,19.99,0
2025-07-28,P004,Stainless Water Bottle,6,48,12,6,6.5,19.99,0
2025-07-29,P004,Stainless Water Bottle,8,40,12,5,6.5,19.99,0
2025-07-30,P004,Stainless Water Bottle,8,32,12,4,6.5,19.99,0
2025-07-31,P004,Stainless Water Bottle,6,26,12,3,6.5,19.99,0
2025-08-01,P004,Stainless Water Bottle,7,19,12,2,6.5,19.99,0
2025-08-02,P004,Stainless Water Bottle,8,11,12,1,6.5,19.99,0
2025-08-03,P004,Stainless Water Bottle,11,120,12,0,6.5,19.99,0
2025-08-04,P004,Stainless Water Bottle,9,111,12,0,6.5,19.99,0
2025-08-05,P004,Stainless Water Bottle,12,99,12,0,6.5,19.99,0
2025-08-06,P004,Stainless Water Bottle,4,95,12,11,6.5,19.99,0
2025-08-07,P004,Stainless Water Bottle,6,89,12,10,6.5,19.99,0
2025-08-08,P004,Stainless Water Bottle,12,77,12,9,6.5,19.99,0
2025-08-09,P004,Stainless Water Bottle,7,70,12,8,6.5,19.99,0
2025-08-10,P004,Stainless Water Bottle,6,64,12,7,6.5,19.99,0
2025-08-11,P004,Stainless Water Bottle,7,57,12,6,6.5,19.99,0
2025-08-12,P004,Stainless Water Bottle,10,47,12,5,6.5,19.99,0
2025-08-13,P004,Stainless Water Bottle,10,37,12,4,6.5,19.99,0
2025-08-14,P004,Stainless Water Bottle,5,32,12,3,6.5,19.99,0
2025-08-15,P004,Stainless Water Bottle,13,19,12,2,6.5,19.99,0
2025-08-16,P004,Stainless Water Bottle,7,12,12,1,6.5,19.99,0
2025-08-17,P004,Stainless Water Bottle,3,129,12,0,6.5,19.99,0
2025-08-18,P004,Stainless Water Bottle,5,124,12,0,6.5,19.99,0
2025-08-19,P004,Stainless Water Bottle,5,119,12,0,6.5,19.99,0
2025-08-20,P004,Stainless Water Bottle,10,109,12,0,6.5,19.99,0
2025-08-21,P004,Stainless Water Bottle,5,104,12,0,6.5,19.99,0
2025-08-22,P004,Stainless Water Bottle,12,92,12,12,6.5,19.99,0
2025-08-23,P004,Stainless Water Bottle,7,85,12,11,6.5,19.99,0
2025-08-24,P004,Stainless Water Bottle,3,82,12,10,6.5,19.99,0
2025-08-25,P004,Stainless Water Bottle,5,77,12,9,6.5,19.99,0
2025-08-26,P004,Stainless Water Bottle,13,64,12,8,6.5,19.99,0
2025-08-27,P004,Stainless Water Bottle,7,57,12,7,6.5,19.99,0
2025-08-28,P004,Stainless Water Bottle,6,51,12,6,6.5,19.99,0
2025-08-29,P004,Stainless Water Bottle,9,42,12,5,6.5,19.99,0
2025-08-30,P004,Stainless Water Bottle,9,33,12,4,6.5,19.99,0
2025-08-31,P004,Stainless Water Bottle,6,27,12,3,6.5,19.99,0
2025-09-01,P004,Stainless Water Bottle,3,24,12,2,6.5,19.99,0
2025-09-02,P004,Stainless Water Bottle,10,14,12,1,6.5,19.99,0
2025-09-03,P004,Stainless Water Bottle,13,121,12,0,6.5,19.99,0
2025-09-04,P004,Stainless Water Bottle,6,115,12,0,6.5,19.99,0
2025-09-05,P004,Stainless Water Bottle,7,108,12,0,6.5,19.99,0
2025-09-06,P004,Stainless Water Bottle,16,92,12,11,6.5,19.99,0
2025-09-07,P004,Stainless Water Bottle,7,85,12,10,6.5,19.99,0
2025-09-08,P004,Stainless Water Bottle,8,77,12,9,6.5,19.99,0
2025-09-09,P004,Stainless Water Bottle,8,69,12,8,6.5,19.99,0
2025-09-10,P004,Stainless Water Bottle,4,65,12,7,6.5,19.99,0
2025-09-11,P004,Stainless Water Bottle,8,57,12,6,6.5,19.99,0
2025-09-12,P004,Stainless Water Bottle,8,49,12,5,6.5,19.99,0
2025-09-13,P004,Stainless Water Bottle,4,45,12,4,6.5,19.99,0
2025-09-14,P004,Stainless Water Bottle,8,37,12,3,6.5,19.99,0
2025-09-15,P004,Stainless Water Bottle,4,33,12,2,6.5,19.99,0
2025-09-16,P004,Stainless Water Bottle,3,30,12,1,6.5,19.99,0
2025-09-17,P004,Stainless Water Bottle,12,138,12,0,6.5,19.99,0
2025-09-18,P004,Stainless Water Bottle,9,129,12,0,6.5,19.99,0
2025-09-19,P004,Stainless Water Bottle,13,116,12,0,6.5,19.99,0
2025-09-20,P004,Stainless Water Bottle,12,104,12,0,6.5,19.99,0
2025-09-21,P004,Stainless Water Bottle,8,96,12,13,6.5,19.99,0
2025-09-22,P004,Stainless Water Bottle,6,90,12,12,6.5,19.99,0
2025-09-23,P004,Stainless Water Bottle,11,79,12,11,6.5,19.99,0
2025-09-24,P004,Stainless Water Bottle,5,74,12,10,6.5,19.99,0
2025-09-25,P004,Stainless Water Bottle,9,65,12,9,6.5,19.99,0
2025-09-26,P004,Stainless Water Bottle,13,52,12,8,6.5,19.99,0
2025-09-27,P004,Stainless Water Bottle,10,42,12,7,6.5,19.99,0
2025-09-28,P004,Stainless Water Bottle,7,35,12,6,6.5,19.99,0
2025-09-29,P004,Stainless Water Bottle,4,31,12,5,6.5,19.99,0
2025-09-30,P004,Stainless Water Bottle,3,28,12,4,6.5,19.99,0
2025-10-01,P004,Stainless Water Bottle,9,19,12,3,6.5,19.99,0
2025-10-02,P004,Stainless Water Bottle,5,14,12,2,6.5,19.99,0
2025-10-03,P004,Stainless Water Bottle,6,8,12,1,6.5,19.99,0
2025-10-04,P004,Stainless Water Bottle,8,120,12,0,6.5,19.99,1
2025-10-05,P004,Stainless Water Bottle,6,114,12,0,6.5,19.99,0
2025-10-06,P004,Stainless Water Bottle,5,109,12,0,6.5,19.99,0
2025-10-07,P004,Stainless Water Bottle,7,102,12,0,6.5,19.99,0
2025-10-08,P004,Stainless Water Bottle,12,90,12,13,6.5,19.99,0
2025-10-09,P004,Stainless Water Bottle,8,82,12,12,6.5,19.99,0
2025-10-10,P004,Stainless Water Bottle,7,75,12,11,6.5,19.99,0
2025-10-11,P004,Stainless Water Bottle,11,64,12,10,6.5,19.99,0
2025-10-12,P004,Stainless Water Bottle,7,57,12,9,6.5,19.99,0
2025-10-13,P004,Stainless Water Bottle,8,49,12,8,6.5,19.99,0
2025-10-14,P004,Stainless Water Bottle,7,42,12,7,6.5,19.99,0
2025-10-15,P004,Stainless Water Bottle,6,36,12,6,6.5,19.99,0
2025-10-16,P004,Stainless Water Bottle,7,29,12,5,6.5,19.99,0
2025-10-17,P004,Stainless Water Bottle,7,22,12,4,6.5,19.99,0
2025-10-18,P004,Stainless Water Bottle,16,6,12,3,6.5,19.99,0
2025-10-19,P004,Stainless Water Bottle,6,0,12,2,6.5,19.99,1
2025-10-20,P004,Stainless Water Bottle,0,0,12,1,6.5,19.99,1
2025-10-21,P004,Stainless Water Bottle,0,120,12,0,6.5,19.99,1
2025-10-22,P004,Stainless Water Bottle,5,115,12,0,6.5,19.99,0
2025-10-23,P004,Stainless Water Bottle,4,111,12,0,6.5,19.99,0
2025-10-24,P004,Stainless Water Bottle,8,103,12,0,6.5,19.99,0
2025-10-25,P004,Stainless Water Bottle,9,94,12,13,6.5,19.99,0
2025-10-26,P004,Stainless Water Bottle,7,87,12,12,6.5,19.99,0
2025-10-27,P004,Stainless Water Bottle,5,82,12,11,6.5,19.99,0
2025-10-28,P004,Stainless Water Bottle,7,75,12,10,6.5,19.99,0
2025-10-29,P004,Stainless Water Bottle,7,68,12,9,6.5,19.99,0
2025-10-30,P004,Stainless Water Bottle,8,60,12,8,6.5,19.99,0
2025-10-31,P004,Stainless Water Bottle,9,51,12,7,6.5,19.99,0
2025-11-01,P004,Stainless Water Bottle,17,34,12,6,6.5,19.99,0
2025-11-02,P004,Stainless Water Bottle,4,30,12,5,6.5,19.99,0
2025-11-03,P004,Stainless Water Bottle,10,20,12,4,6.5,19.99,0
2025-11-04,P004,Stainless Water Bottle,4,16,12,3,6.5,19.99,0
2025-11-05,P004,Stainless Water Bottle,10,6,12,2,6.5,19.99,0
2025-11-06,P004,Stainless Water Bottle,6,0,12,1,6.5,19.99,1
2025-11-07,P004,Stainless Water Bottle,0,120,12,0,6.5,19.99,1
2025-11-08,P004,Stainless Water Bottle,11,109,12,0,6.5,19.99,0
2025-11-09,P004,Stainless Water Bottle,9,100,12,0,6.5,19.99,0
2025-11-10,P004,Stainless Water Bottle,5,95,12,11,6.5,19.99,0
2025-11-11,P004,Stainless Water Bottle,6,89,12,10,6.5,19.99,0
2025-11-12,P004,Stainless Water Bottle,4,85,12,9,6.5,19.99,0
2025-11-13,P004,Stainless Water Bottle,8,77,12,8,6.5,19.99,0
2025-11-14,P004,Stainless Water Bottle,9,68,12,7,6.5,19.99,0
2025-11-15,P004,Stainless Water Bottle,10,58,12,6,6.5,19.99,0
2025-11-16,P004,Stainless Water Bottle,10,48,12,5,6.5,19.99,0
2025-11-17,P004,Stainless Water Bottle,5,43,12,4,6.5,19.99,0
2025-11-18,P004,Stainless Water Bottle,10,33,12,3,6.5,19.99,0
2025-11-19,P004,Stainless Water Bottle,4,29,12,2,6.5,19.99,0
2025-11-20,P004,Stainless Water Bottle,7,22,12,1,6.5,19.99,0
2025-11-21,P004,Stainless Water Bottle,12,130,12,0,6.5,19.99,0
2025-11-22,P004,Stainless Water Bottle,9,121,12,0,6.5,19.99,0
2025-11-23,P004,Stainless Water Bottle,7,114,12,0,6.5,19.99,0
2025-11-24,P004,Stainless Water Bottle,6,108,12,0,6.5,19.99,0
2025-11-25,P004,Stainless Water Bottle,6,102,12,0,6.5,19.99,0
2025-11-26,P004,Stainless Water Bottle,15,87,12,12,6.5,19.99,0
2025-11-27,P004,Stainless Water Bottle,10,77,12,11,6.5,19.99,0
2025-11-28,P004,Stainless Water Bottle,9,68,12,10,6.5,19.99,0
2025-11-29,P004,Stainless Water Bottle,8,60,12,9,6.5,19.99,0
2025-11-30,P004,Stainless Water Bottle,12,48,12,8,6.5,19.99,0
2025-12-01,P004,Stainless Water Bottle,8,40,12,7,6.5,19.99,0
2025-12-02,P004,Stainless Water Bottle,7,33,12,6,6.5,19.99,0
2025-12-03,P004,Stainless Water Bottle,2,31,12,5,6.5,19.99,0
2025-12-04,P004,Stainless Water Bottle,4,27,12,4,6.5,19.99,0
2025-12-05,P004,Stainless Water Bottle,6,21,12,3,6.5,19.99,0
2025-12-06,P004,Stainless Water Bottle,10,11,12,2,6.5,19.99,0
2025-12-07,P004,Stainless Water Bottle,3,8,12,1,6.5,19.99,0
2025-12-08,P004,Stainless Water Bottle,4,124,12,0,6.5,19.99,0
2025-12-09,P004,Stainless Water Bottle,10,114,12,0,6.5,19.99,0
2025-12-10,P004,Stainless Water Bottle,8,106,12,0,6.5,19.99,0
2025-12-11,P004,Stainless Water Bottle,5,101,12,0,6.5,19.99,0
2025-12-12,P004,Stainless Water Bottle,10,91,12,11,6.5,19.99,0
2025-12-13,P004,Stainless Water Bottle,9,82,12,10,6.5,19.99,0
2025-12-14,P004,Stainless Water Bottle,6,76,12,9,6.5,19.99,0
2025-12-15,P004,Stainless Water Bottle,5,71,12,8,6.5,19.99,0
2025-12-16,P004,Stainless Water Bottle,8,63,12,7,6.5,19.99,0
2025-12-17,P004,Stainless Water Bottle,9,54,12,6,6.5,19.99,0
2025-12-18,P004,Stainless Water Bottle,9,45,12,5,6.5,19.99,0
2025-12-19,P004,Stainless Water Bottle,15,30,12,4,6.5,19.99,0
2025-12-20,P004,Stainless Water Bottle,10,20,12,3,6.5,19.99,0
2025-12-21,P004,Stainless Water Bottle,11,9,12,2,6.5,19.99,0
2025-12-22,P004,Stainless Water Bottle,7,2,12,1,6.5,19.99,0
2025-12-23,P004,Stainless Water Bottle,2,120,12,0,6.5,19.99,1
2025-12-24,P004,Stainless Water Bottle,9,111,12,0,6.5,19.99,0
2025-12-25,P004,Stainless Water Bottle,5,106,12,0,6.5,19.99,0
2025-12-26,P004,Stainless Water Bottle,13,93,12,12,6.5,19.99,0
2025-12-27,P004,Stainless Water Bottle,9,84,12,11,6.5,19.99,0
2025-12-28,P004,Stainless Water Bottle,2,82,12,10,6.5,19.99,0
2025-12-29,P004,Stainless Water Bottle,4,78,12,9,6.5,19.99,0
2025-12-30,P004,Stainless Water Bottle,8,70,12,8,6.5,19.99,0
2025-12-31,P004,Stainless Water Bottle,6,64,12,7,6.5,19.99,0
2026-01-01,P004,Stainless Water Bottle,9,55,12,6,6.5,19.99,0
2026-01-02,P004,Stainless Water Bottle,8,47,12,5,6.5,19.99,0
2026-01-03,P004,Stainless Water Bottle,12,35,12,4,6.5,19.99,0
2026-01-04,P004,Stainless Water Bottle,6,29,12,3,6.5,19.99,0
2026-01-05,P004,Stainless Water Bottle,5,24,12,2,6.5,19.99,0
2026-01-06,P004,Stainless Water Bottle,4,20,12,1,6.5,19.99,0
2026-01-07,P004,Stainless Water Bottle,4,136,12,0,6.5,19.99,0
2026-01-08,P004,Stainless Water Bottle,9,127,12,0,6.5,19.99,0
2026-01-09,P004,Stainless Water Bottle,5,122,12,0,6.5,19.99,0
2026-01-10,P004,Stainless Water Bottle,5,117,12,0,6.5,19.99,0
2026-01-11,P004,Stainless Water Bottle,12,105,12,0,6.5,19.99,0
2026-01-12,P004,Stainless Water Bottle,9,96,12,11,6.5,19.99,0
2026-01-13,P004,Stainless Water Bottle,4,92,12,10,6.5,19.99,0
2026-01-14,P004,Stainless Water Bottle,6,86,12,9,6.5,19.99,0
2026-01-15,P004,Stainless Water Bottle,4,82,12,8,6.5,19.99,0
2026-01-16,P004,Stainless Water Bottle,11,71,12,7,6.5,19.99,0
2026-01-17,P004,Stainless Water Bottle,8,63,12,6,6.5,19.99,0
2026-01-18,P004,Stainless Water Bottle,6,57,12,5,6.5,19.99,0
2026-01-19,P004,Stainless Water Bottle,12,45,12,4,6.5,19.99,0
2026-01-20,P004,Stainless Water Bottle,7,38,12,3,6.5,19.99,0
2026-01-21,P004,Stainless Water Bottle,8,30,12,2,6.5,19.99,0
2026-01-22,P004,Stainless Water Bottle,8,22,12,1,6.5,19.99,0
2026-01-23,P004,Stainless Water Bottle,15,127,12,0,6.5,19.99,0
2026-01-24,P004,Stainless Water Bottle,9,118,12,0,6.5,19.99,0
2026-01-25,P004,Stainless Water Bottle,8,110,12,0,6.5,19.99,0
2026-01-26,P004,Stainless Water Bottle,6,104,12,0,6.5,19.99,0
2026-01-27,P004,Stainless Water Bottle,7,97,12,0,6.5,19.99,0
2026-01-28,P004,Stainless Water Bottle,7,90,12,11,6.5,19.99,0
2026-01-29,P004,Stainless Water Bottle,7,83,12,10,6.5,19.99,0
2026-01-30,P004,Stainless Water Bottle,13,70,12,9,6.5,19.99,0
2026-01-31,P004,Stainless Water Bottle,17,53,12,8,6.5,19.99,0
2026-02-01,P004,Stainless Water Bottle,7,46,12,7,6.5,19.99,0
2026-02-02,P004,Stainless Water Bottle,7,39,12,6,6.5,19.99,0
2026-02-03,P004,Stainless Water Bottle,6,33,12,5,6.5,19.99,0
2026-02-04,P004,Stainless Water Bottle,7,26,12,4,6.5,19.99,0
2026-02-05,P004,Stainless Water Bottle,12,14,12,3,6.5,19.99,0
2026-02-06,P004,Stainless Water Bottle,12,2,12,2,6.5,19.99,0
2026-02-07,P004,Stainless Water Bottle,2,0,12,1,6.5,19.99,1
2026-02-08,P004,Stainless Water Bottle,0,120,12,0,6.5,19.99,1
2026-02-09,P004,Stainless Water Bottle,3,117,12,0,6.5,19.99,0
2026-02-10,P004,Stainless Water Bottle,7,110,12,0,6.5,19.99,0
2026-02-11,P004,Stainless Water Bottle,6,104,12,0,6.5,19.99,0
2026-02-12,P004,Stainless Water Bottle,3,101,12,0,6.5,19.99,0
2026-02-13,P004,Stainless Water Bottle,12,89,12,10,6.5,19.99,0
2026-02-14,P004,Stainless Water Bottle,8,81,12,9,6.5,19.99,0
2026-02-15,P004,Stainless Water Bottle,4,77,12,8,6.5,19.99,0
2026-02-16,P004,Stainless Water Bottle,7,70,12,7,6.5,19.99,0
2026-02-17,P004,Stainless Water Bottle,3,67,12,6,6.5,19.99,0
2026-02-18,P004,Stainless Water Bottle,4,63,12,5,6.5,19.99,0
2026-02-19,P004,Stainless Water Bottle,7,56,12,4,6.5,19.99,0
2026-02-20,P004,Stainless Water Bottle,7,49,12,3,6.5,19.99,0
2026-02-21,P004,Stainless Water Bottle,12,37,12,2,6.5,19.99,0
2026-02-22,P004,Stainless Water Bottle,7,30,12,1,6.5,19.99,0
2026-02-23,P004,Stainless Water Bottle,10,140,12,0,6.5,19.99,0
2026-02-24,P004,Stainless Water Bottle,8,132,12,0,6.5,19.99,0
2026-02-25,P004,Stainless Water Bottle,7,125,12,0,6.5,19.99,0
2026-02-26,P004,Stainless Water Bottle,12,113,12,0,6.5,19.99,0
2026-02-27,P004,Stainless Water Bottle,10,103,12,0,6.5,19.99,0
2026-02-28,P004,Stainless Water Bottle,11,92,12,13,6.5,19.99,0
2026-03-01,P004,Stainless Water Bottle,9,83,12,12,6.5,19.99,0
2026-03-02,P004,Stainless Water Bottle,4,79,12,11,6.5,19.99,0
2026-03-03,P004,Stainless Water Bottle,6,73,12,10,6.5,19.99,0
2026-03-04,P004,Stainless Water Bottle,7,66,12,9,6.5,19.99,0
2026-03-05,P004,Stainless Water Bottle,10,56,12,8,6.5,19.99,0
2026-03-06,P004,Stainless Water Bottle,8,48,12,7,6.5,19.99,0
2026-03-07,P004,Stainless Water Bottle,8,40,12,6,6.5,19.99,0
2026-03-08,P004,Stainless Water Bottle,5,35,12,5,6.5,19.99,0
2026-03-09,P004,Stainless Water Bottle,6,29,12,4,6.5,19.99,0
2026-03-10,P004,Stainless Water Bottle,7,22,12,3,6.5,19.99,0
2026-03-11,P004,Stainless Water Bottle,9,13,12,2,6.5,19.99,0
2026-03-12,P004,Stainless Water Bottle,7,6,12,1,6.5,19.99,0
2026-03-13,P004,Stainless Water Bottle,6,120,12,0,6.5,19.99,1
2026-03-14,P004,Stainless Water Bottle,8,112,12,0,6.5,19.99,0
2026-03-15,P004,Stainless Water Bottle,10,102,12,0,6.5,19.99,0
2026-03-16,P004,Stainless Water Bottle,8,94,12,11,6.5,19.99,0
2026-03-17,P004,Stainless Water Bottle,8,86,12,10,6.5,19.99,0
2026-03-18,P004,Stainless Water Bottle,8,78,12,9,6.5,19.99,0
2026-03-19,P004,Stainless Water Bottle,9,69,12,8,6.5,19.99,0
2026-03-20,P004,Stainless Water Bottle,8,61,12,7,6.5,19.99,0
2026-03-21,P004,Stainless Water Bottle,14,47,12,6,6.5,19.99,0
2026-03-22,P004,Stainless Water Bottle,12,35,12,5,6.5,19.99,0
2026-03-23,P004,Stainless Water Bottle,7,28,12,4,6.5,19.99,0
2026-03-24,P004,Stainless Water Bottle,10,18,12,3,6.5,19.99,0
2026-03-25,P004,Stainless Water Bottle,9,9,12,2,6.5,19.99,0
2026-03-26,P004,Stainless Water Bottle,9,0,12,1,6.5,19.99,0
2026-03-27,P004,Stainless Water Bottle,0,120,12,0,6.5,19.99,1
2026-03-28,P004,Stainless Water Bottle,11,109,12,0,6.5,19.99,0
2026-03-29,P004,Stainless Water Bottle,6,103,12,0,6.5,19.99,0
2026-03-30,P004,Stainless Water Bottle,10,93,12,12,6.5,19.99,0
2026-03-31,P004,Stainless Water Bottle,7,86,12,11,6.5,19.99,0
2026-04-01,P004,Stainless Water Bottle,2,84,12,10,6.5,19.99,0
2026-04-02,P004,Stainless Water Bottle,6,78,12,9,6.5,19.99,0
2026-04-03,P004,Stainless Water Bottle,16,62,12,8,6.5,19.99,0
2026-04-04,P004,Stainless Water Bottle,6,56,12,7,6.5,19.99,0
2026-04-05,P004,Stainless Water Bottle,5,51,12,6,6.5,19.99,0
2026-04-06,P004,Stainless Water Bottle,4,47,12,5,6.5,19.99,0
2026-04-07,P004,Stainless Water Bottle,8,39,12,4,6.5,19.99,0
2026-04-08,P004,Stainless Water Bottle,12,27,12,3,6.5,19.99,0
2026-04-09,P004,Stainless Water Bottle,2,25,12,2,6.5,19.99,0
2026-04-10,P004,Stainless Water Bottle,14,11,12,1,6.5,19.99,0
2026-04-11,P004,Stainless Water Bottle,11,120,12,0,6.5,19.99,1
2026-04-12,P004,Stainless Water Bottle,4,116,12,0,6.5,19.99,0
2026-04-13,P004,Stainless Water Bottle,8,108,12,0,6.5,19.99,0
2026-04-14,P004,Stainless Water Bottle,5,103,12,0,6.5,19.99,0
2026-04-15,P004,Stainless Water Bottle,4,99,12,0,6.5,19.99,0
2026-04-16,P004,Stainless Water Bottle,8,91,12,13,6.5,19.99,0
2026-04-17,P004,Stainless Water Bottle,14,77,12,12,6.5,19.99,0
2026-04-18,P004,Stainless Water Bottle,10,67,12,11,6.5,19.99,0
2026-04-19,P004,Stainless Water Bottle,10,57,12,10,6.5,19.99,0
2026-04-20,P004,Stainless Water Bottle,8,49,12,9,6.5,19.99,0
2026-04-21,P004,Stainless Water Bottle,3,46,12,8,6.5,19.99,0
2026-04-22,P004,Stainless Water Bottle,5,41,12,7,6.5,19.99,0
2026-04-23,P004,Stainless Water Bottle,8,33,12,6,6.5,19.99,0
2026-04-24,P004,Stainless Water Bottle,12,21,12,5,6.5,19.99,0
2026-04-25,P004,Stainless Water Bottle,4,17,12,4,6.5,19.99,0
2026-04-26,P004,Stainless Water Bottle,7,10,12,3,6.5,19.99,0
2026-04-27,P004,Stainless Water Bottle,8,2,12,2,6.5,19.99,0
2026-04-28,P004,Stainless Water Bottle,2,0,12,1,6.5,19.99,1
2026-04-29,P004,Stainless Water Bottle,0,120,12,0,6.5,19.99,1
2026-04-30,P004,Stainless Water Bottle,3,117,12,0,6.5,19.99,0
2026-05-01,P004,Stainless Water Bottle,16,101,12,0,6.5,19.99,0
2026-05-02,P004,Stainless Water Bottle,10,91,12,12,6.5,19.99,0
2026-05-03,P004,Stainless Water Bottle,8,83,12,11,6.5,19.99,0
2026-05-04,P004,Stainless Water Bottle,10,73,12,10,6.5,19.99,0
2026-05-05,P004,Stainless Water Bottle,9,64,12,9,6.5,19.99,0
2026-05-06,P004,Stainless Water Bottle,15,49,12,8,6.5,19.99,0
2026-05-07,P004,Stainless Water Bottle,7,42,12,7,6.5,19.99,0
2026-05-08,P004,Stainless Water Bottle,13,29,12,6,6.5,19.99,0
2026-05-09,P004,Stainless Water Bottle,7,22,12,5,6.5,19.99,0
2026-05-10,P004,Stainless Water Bottle,12,10,12,4,6.5,19.99,0
2026-05-11,P004,Stainless Water Bottle,2,8,12,3,6.5,19.99,0
2026-05-12,P004,Stainless Water Bottle,6,2,12,2,6.5,19.99,0
2026-05-13,P004,Stainless Water Bottle,2,0,12,1,6.5,19.99,1
2026-05-14,P004,Stainless Water Bottle,0,120,12,0,6.5,19.99,1
2026-05-15,P004,Stainless Water Bottle,7,113,12,0,6.5,19.99,0
2026-05-16,P004,Stainless Water Bottle,7,106,12,0,6.5,19.99,0
2026-05-17,P004,Stainless Water Bottle,4,102,12,0,6.5,19.99,0
2026-05-18,P004,Stainless Water Bottle,10,92,12,11,6.5,19.99,0
2026-05-19,P004,Stainless Water Bottle,7,85,12,10,6.5,19.99,0
2026-05-20,P004,Stainless Water Bottle,13,72,12,9,6.5,19.99,0
2026-05-21,P004,Stainless Water Bottle,5,67,12,8,6.5,19.99,0
2026-05-22,P004,Stainless Water Bottle,10,57,12,7,6.5,19.99,0
2026-05-23,P004,Stainless Water Bottle,11,46,12,6,6.5,19.99,0
2026-05-24,P004,Stainless Water Bottle,7,39,12,5,6.5,19.99,0
2026-05-25,P004,Stainless Water Bottle,5,34,12,4,6.5,19.99,0
2026-05-26,P004,Stainless Water Bottle,7,27,12,3,6.5,19.99,0
2026-05-27,P004,Stainless Water Bottle,6,21,12,2,6.5,19.99,0
2026-05-28,P004,Stainless Water Bottle,2,19,12,1,6.5,19.99,0
2026-05-29,P004,Stainless Water Bottle,14,125,12,0,6.5,19.99,0
2026-05-30,P004,Stainless Water Bottle,14,111,12,0,6.5,19.99,0
2026-05-31,P004,Stainless Water Bottle,6,105,12,0,6.5,19.99,0
2026-06-01,P004,Stainless Water Bottle,9,96,12,11,6.5,19.99,0
2026-06-02,P004,Stainless Water Bottle,8,88,12,10,6.5,19.99,0
2026-06-03,P004,Stainless Water Bottle,7,81,12,9,6.5,19.99,0
2026-06-04,P004,Stainless Water Bottle,8,73,12,8,6.5,19.99,0
2026-06-05,P004,Stainless Water Bottle,13,60,12,7,6.5,19.99,0
2026-06-06,P004,Stainless Water Bottle,15,45,12,6,6.5,19.99,0
2026-06-07,P004,Stainless Water Bottle,8,37,12,5,6.5,19.99,0
2026-06-08,P004,Stainless Water Bottle,5,32,12,4,6.5,19.99,0
2026-06-09,P004,Stainless Water Bottle,5,27,12,3,6.5,19.99,0
2026-06-10,P004,Stainless Water Bottle,5,22,12,2,6.5,19.99,0
2026-06-11,P004,Stainless Water Bottle,8,14,12,1,6.5,19.99,0
2026-06-12,P004,Stainless Water Bottle,14,120,12,0,6.5,19.99,1
2026-06-13,P004,Stainless Water Bottle,8,112,12,0,6.5,19.99,0
2026-06-14,P004,Stainless Water Bottle,8,104,12,0,6.5,19.99,0
2026-06-15,P004,Stainless Water Bottle,11,93,12,14,6.5,19.99,0
2026-06-16,P004,Stainless Water Bottle,7,86,12,13,6.5,19.99,0
2026-06-17,P004,Stainless Water Bottle,5,81,12,12,6.5,19.99,0
2025-06-18,P005,Organic Avocado Oil,7,101,6,0,5.8,12.49,0
2025-06-19,P005,Organic Avocado Oil,12,89,6,0,5.8,12.49,0
2025-06-20,P005,Organic Avocado Oil,18,71,6,5,5.8,12.49,0
2025-06-21,P005,Organic Avocado Oil,18,53,6,4,5.8,12.49,0
2025-06-22,P005,Organic Avocado Oil,13,40,6,3,5.8,12.49,0
2025-06-23,P005,Organic Avocado Oil,10,30,6,2,5.8,12.49,0
2025-06-24,P005,Organic Avocado Oil,13,17,6,1,5.8,12.49,0
2025-06-25,P005,Organic Avocado Oil,15,182,6,0,5.8,12.49,0
2025-06-26,P005,Organic Avocado Oil,5,177,6,0,5.8,12.49,0
2025-06-27,P005,Organic Avocado Oil,15,162,6,0,5.8,12.49,0
2025-06-28,P005,Organic Avocado Oil,12,150,6,0,5.8,12.49,0
2025-06-29,P005,Organic Avocado Oil,11,139,6,0,5.8,12.49,0
2025-06-30,P005,Organic Avocado Oil,9,130,6,0,5.8,12.49,0
2025-07-01,P005,Organic Avocado Oil,15,115,6,0,5.8,12.49,0
2025-07-02,P005,Organic Avocado Oil,7,108,6,0,5.8,12.49,0
2025-07-03,P005,Organic Avocado Oil,9,99,6,0,5.8,12.49,0
2025-07-04,P005,Organic Avocado Oil,15,84,6,0,5.8,12.49,0
2025-07-05,P005,Organic Avocado Oil,11,73,6,0,5.8,12.49,0
2025-07-06,P005,Organic Avocado Oil,17,56,6,6,5.8,12.49,0
2025-07-07,P005,Organic Avocado Oil,10,46,6,5,5.8,12.49,0
2025-07-08,P005,Organic Avocado Oil,6,40,6,4,5.8,12.49,0
2025-07-09,P005,Organic Avocado Oil,8,32,6,3,5.8,12.49,0
2025-07-10,P005,Organic Avocado Oil,2,30,6,2,5.8,12.49,0
2025-07-11,P005,Organic Avocado Oil,19,11,6,1,5.8,12.49,0
2025-07-12,P005,Organic Avocado Oil,11,180,6,0,5.8,12.49,1
2025-07-13,P005,Organic Avocado Oil,10,170,6,0,5.8,12.49,0
2025-07-14,P005,Organic Avocado Oil,14,156,6,0,5.8,12.49,0
2025-07-15,P005,Organic Avocado Oil,10,146,6,0,5.8,12.49,0
2025-07-16,P005,Organic Avocado Oil,11,135,6,0,5.8,12.49,0
2025-07-17,P005,Organic Avocado Oil,9,126,6,0,5.8,12.49,0
2025-07-18,P005,Organic Avocado Oil,16,110,6,0,5.8,12.49,0
2025-07-19,P005,Organic Avocado Oil,11,99,6,0,5.8,12.49,0
2025-07-20,P005,Organic Avocado Oil,8,91,6,0,5.8,12.49,0
2025-07-21,P005,Organic Avocado Oil,5,86,6,0,5.8,12.49,0
2025-07-22,P005,Organic Avocado Oil,10,76,6,0,5.8,12.49,0
2025-07-23,P005,Organic Avocado Oil,8,68,6,5,5.8,12.49,0
2025-07-24,P005,Organic Avocado Oil,9,59,6,4,5.8,12.49,0
2025-07-25,P005,Organic Avocado Oil,22,37,6,3,5.8,12.49,0
2025-07-26,P005,Organic Avocado Oil,9,28,6,2,5.8,12.49,0
2025-07-27,P005,Organic Avocado Oil,19,9,6,1,5.8,12.49,0
2025-07-28,P005,Organic Avocado Oil,9,180,6,0,5.8,12.49,1
2025-07-29,P005,Organic Avocado Oil,9,171,6,0,5.8,12.49,0
2025-07-30,P005,Organic Avocado Oil,11,160,6,0,5.8,12.49,0
2025-07-31,P005,Organic Avocado Oil,15,145,6,0,5.8,12.49,0
2025-08-01,P005,Organic Avocado Oil,17,128,6,0,5.8,12.49,0
2025-08-02,P005,Organic Avocado Oil,16,112,6,0,5.8,12.49,0
2025-08-03,P005,Organic Avocado Oil,12,100,6,0,5.8,12.49,0
2025-08-04,P005,Organic Avocado Oil,14,86,6,0,5.8,12.49,0
2025-08-05,P005,Organic Avocado Oil,10,76,6,0,5.8,12.49,0
2025-08-06,P005,Organic Avocado Oil,10,66,6,5,5.8,12.49,0
2025-08-07,P005,Organic Avocado Oil,11,55,6,4,5.8,12.49,0
2025-08-08,P005,Organic Avocado Oil,16,39,6,3,5.8,12.49,0
2025-08-09,P005,Organic Avocado Oil,20,19,6,2,5.8,12.49,0
2025-08-10,P005,Organic Avocado Oil,8,11,6,1,5.8,12.49,0
2025-08-11,P005,Organic Avocado Oil,8,183,6,0,5.8,12.49,0
2025-08-12,P005,Organic Avocado Oil,12,171,6,0,5.8,12.49,0
2025-08-13,P005,Organic Avocado Oil,11,160,6,0,5.8,12.49,0
2025-08-14,P005,Organic Avocado Oil,7,153,6,0,5.8,12.49,0
2025-08-15,P005,Organic Avocado Oil,21,132,6,0,5.8,12.49,0
2025-08-16,P005,Organic Avocado Oil,18,114,6,0,5.8,12.49,0
2025-08-17,P005,Organic Avocado Oil,5,109,6,0,5.8,12.49,0
2025-08-18,P005,Organic Avocado Oil,10,99,6,0,5.8,12.49,0
2025-08-19,P005,Organic Avocado Oil,19,80,6,0,5.8,12.49,0
2025-08-20,P005,Organic Avocado Oil,9,71,6,5,5.8,12.49,0
2025-08-21,P005,Organic Avocado Oil,9,62,6,4,5.8,12.49,0
2025-08-22,P005,Organic Avocado Oil,18,44,6,3,5.8,12.49,0
2025-08-23,P005,Organic Avocado Oil,18,26,6,2,5.8,12.49,0
2025-08-24,P005,Organic Avocado Oil,9,17,6,1,5.8,12.49,0
2025-08-25,P005,Organic Avocado Oil,11,186,6,0,5.8,12.49,0
2025-08-26,P005,Organic Avocado Oil,7,179,6,0,5.8,12.49,0
2025-08-27,P005,Organic Avocado Oil,10,169,6,0,5.8,12.49,0
2025-08-28,P005,Organic Avocado Oil,13,156,6,0,5.8,12.49,0
2025-08-29,P005,Organic Avocado Oil,17,139,6,0,5.8,12.49,0
2025-08-30,P005,Organic Avocado Oil,18,121,6,0,5.8,12.49,0
2025-08-31,P005,Organic Avocado Oil,12,109,6,0,5.8,12.49,0
2025-09-01,P005,Organic Avocado Oil,8,101,6,0,5.8,12.49,0
2025-09-02,P005,Organic Avocado Oil,10,91,6,0,5.8,12.49,0
2025-09-03,P005,Organic Avocado Oil,5,86,6,0,5.8,12.49,0
2025-09-04,P005,Organic Avocado Oil,9,77,6,0,5.8,12.49,0
2025-09-05,P005,Organic Avocado Oil,16,61,6,6,5.8,12.49,0
2025-09-06,P005,Organic Avocado Oil,13,48,6,5,5.8,12.49,0
2025-09-07,P005,Organic Avocado Oil,8,40,6,4,5.8,12.49,0
2025-09-08,P005,Organic Avocado Oil,13,27,6,3,5.8,12.49,0
2025-09-09,P005,Organic Avocado Oil,9,18,6,2,5.8,12.49,0
2025-09-10,P005,Organic Avocado Oil,14,4,6,1,5.8,12.49,0
2025-09-11,P005,Organic Avocado Oil,4,180,6,0,5.8,12.49,1
2025-09-12,P005,Organic Avocado Oil,13,167,6,0,5.8,12.49,0
2025-09-13,P005,Organic Avocado Oil,20,147,6,0,5.8,12.49,0
2025-09-14,P005,Organic Avocado Oil,13,134,6,0,5.8,12.49,0
2025-09-15,P005,Organic Avocado Oil,9,125,6,0,5.8,12.49,0
2025-09-16,P005,Organic Avocado Oil,14,111,6,0,5.8,12.49,0
2025-09-17,P005,Organic Avocado Oil,14,97,6,0,5.8,12.49,0
2025-09-18,P005,Organic Avocado Oil,10,87,6,0,5.8,12.49,0
2025-09-19,P005,Organic Avocado Oil,12,75,6,0,5.8,12.49,0
2025-09-20,P005,Organic Avocado Oil,11,64,6,4,5.8,12.49,0
2025-09-21,P005,Organic Avocado Oil,10,54,6,3,5.8,12.49,0
2025-09-22,P005,Organic Avocado Oil,11,43,6,2,5.8,12.49,0
2025-09-23,P005,Organic Avocado Oil,11,32,6,1,5.8,12.49,0
2025-09-24,P005,Organic Avocado Oil,8,204,6,0,5.8,12.49,0
2025-09-25,P005,Organic Avocado Oil,9,195,6,0,5.8,12.49,0
2025-09-26,P005,Organic Avocado Oil,16,179,6,0,5.8,12.49,0
2025-09-27,P005,Organic Avocado Oil,12,167,6,0,5.8,12.49,0
2025-09-28,P005,Organic Avocado Oil,15,152,6,0,5.8,12.49,0
2025-09-29,P005,Organic Avocado Oil,6,146,6,0,5.8,12.49,0
2025-09-30,P005,Organic Avocado Oil,6,140,6,0,5.8,12.49,0
2025-10-01,P005,Organic Avocado Oil,15,125,6,0,5.8,12.49,0
2025-10-02,P005,Organic Avocado Oil,12,113,6,0,5.8,12.49,0
2025-10-03,P005,Organic Avocado Oil,16,97,6,0,5.8,12.49,0
2025-10-04,P005,Organic Avocado Oil,17,80,6,0,5.8,12.49,0
2025-10-05,P005,Organic Avocado Oil,10,70,6,6,5.8,12.49,0
2025-10-06,P005,Organic Avocado Oil,11,59,6,5,5.8,12.49,0
2025-10-07,P005,Organic Avocado Oil,7,52,6,4,5.8,12.49,0
2025-10-08,P005,Organic Avocado Oil,7,45,6,3,5.8,12.49,0
2025-10-09,P005,Organic Avocado Oil,11,34,6,2,5.8,12.49,0
2025-10-10,P005,Organic Avocado Oil,10,24,6,1,5.8,12.49,0
2025-10-11,P005,Organic Avocado Oil,17,187,6,0,5.8,12.49,0
2025-10-12,P005,Organic Avocado Oil,6,181,6,0,5.8,12.49,0
2025-10-13,P005,Organic Avocado Oil,8,173,6,0,5.8,12.49,0
2025-10-14,P005,Organic Avocado Oil,8,165,6,0,5.8,12.49,0
2025-10-15,P005,Organic Avocado Oil,17,148,6,0,5.8,12.49,0
2025-10-16,P005,Organic Avocado Oil,6,142,6,0,5.8,12.49,0
2025-10-17,P005,Organic Avocado Oil,13,129,6,0,5.8,12.49,0
2025-10-18,P005,Organic Avocado Oil,13,116,6,0,5.8,12.49,0
2025-10-19,P005,Organic Avocado Oil,17,99,6,0,5.8,12.49,0
2025-10-20,P005,Organic Avocado Oil,13,86,6,0,5.8,12.49,0
2025-10-21,P005,Organic Avocado Oil,22,64,6,6,5.8,12.49,0
2025-10-22,P005,Organic Avocado Oil,12,52,6,5,5.8,12.49,0
2025-10-23,P005,Organic Avocado Oil,16,36,6,4,5.8,12.49,0
2025-10-24,P005,Organic Avocado Oil,6,30,6,3,5.8,12.49,0
2025-10-25,P005,Organic Avocado Oil,20,10,6,2,5.8,12.49,0
2025-10-26,P005,Organic Avocado Oil,10,0,6,1,5.8,12.49,0
2025-10-27,P005,Organic Avocado Oil,0,180,6,0,5.8,12.49,1
2025-10-28,P005,Organic Avocado Oil,17,163,6,0,5.8,12.49,0
2025-10-29,P005,Organic Avocado Oil,9,154,6,0,5.8,12.49,0
2025-10-30,P005,Organic Avocado Oil,9,145,6,0,5.8,12.49,0
2025-10-31,P005,Organic Avocado Oil,14,131,6,0,5.8,12.49,0
2025-11-01,P005,Organic Avocado Oil,18,113,6,0,5.8,12.49,0
2025-11-02,P005,Organic Avocado Oil,8,105,6,0,5.8,12.49,0
2025-11-03,P005,Organic Avocado Oil,6,99,6,0,5.8,12.49,0
2025-11-04,P005,Organic Avocado Oil,10,89,6,0,5.8,12.49,0
2025-11-05,P005,Organic Avocado Oil,5,84,6,0,5.8,12.49,0
2025-11-06,P005,Organic Avocado Oil,14,70,6,7,5.8,12.49,0
2025-11-07,P005,Organic Avocado Oil,15,55,6,6,5.8,12.49,0
2025-11-08,P005,Organic Avocado Oil,21,34,6,5,5.8,12.49,0
2025-11-09,P005,Organic Avocado Oil,11,23,6,4,5.8,12.49,0
2025-11-10,P005,Organic Avocado Oil,10,13,6,3,5.8,12.49,0
2025-11-11,P005,Organic Avocado Oil,11,2,6,2,5.8,12.49,0
2025-11-12,P005,Organic Avocado Oil,2,0,6,1,5.8,12.49,1
2025-11-13,P005,Organic Avocado Oil,0,180,6,0,5.8,12.49,1
2025-11-14,P005,Organic Avocado Oil,11,169,6,0,5.8,12.49,0
2025-11-15,P005,Organic Avocado Oil,17,152,6,0,5.8,12.49,0
2025-11-16,P005,Organic Avocado Oil,11,141,6,0,5.8,12.49,0
2025-11-17,P005,Organic Avocado Oil,9,132,6,0,5.8,12.49,0
2025-11-18,P005,Organic Avocado Oil,12,120,6,0,5.8,12.49,0
2025-11-19,P005,Organic Avocado Oil,12,108,6,0,5.8,12.49,0
2025-11-20,P005,Organic Avocado Oil,13,95,6,0,5.8,12.49,0
2025-11-21,P005,Organic Avocado Oil,12,83,6,0,5.8,12.49,0
2025-11-22,P005,Organic Avocado Oil,10,73,6,0,5.8,12.49,0
2025-11-23,P005,Organic Avocado Oil,19,54,6,6,5.8,12.49,0
2025-11-24,P005,Organic Avocado Oil,12,42,6,5,5.8,12.49,0
2025-11-25,P005,Organic Avocado Oil,15,27,6,4,5.8,12.49,0
2025-11-26,P005,Organic Avocado Oil,12,15,6,3,5.8,12.49,0
2025-11-27,P005,Organic Avocado Oil,15,0,6,2,5.8,12.49,1
2025-11-28,P005,Organic Avocado Oil,0,0,6,1,5.8,12.49,1
2025-11-29,P005,Organic Avocado Oil,0,180,6,0,5.8,12.49,1
2025-11-30,P005,Organic Avocado Oil,8,172,6,0,5.8,12.49,0
2025-12-01,P005,Organic Avocado Oil,16,156,6,0,5.8,12.49,0
2025-12-02,P005,Organic Avocado Oil,7,149,6,0,5.8,12.49,0
2025-12-03,P005,Organic Avocado Oil,7,142,6,0,5.8,12.49,0
2025-12-04,P005,Organic Avocado Oil,8,134,6,0,5.8,12.49,0
2025-12-05,P005,Organic Avocado Oil,18,116,6,0,5.8,12.49,0
2025-12-06,P005,Organic Avocado Oil,19,97,6,0,5.8,12.49,0
2025-12-07,P005,Organic Avocado Oil,10,87,6,0,5.8,12.49,0
2025-12-08,P005,Organic Avocado Oil,9,78,6,0,5.8,12.49,0
2025-12-09,P005,Organic Avocado Oil,11,67,6,7,5.8,12.49,0
2025-12-10,P005,Organic Avocado Oil,16,51,6,6,5.8,12.49,0
2025-12-11,P005,Organic Avocado Oil,16,35,6,5,5.8,12.49,0
2025-12-12,P005,Organic Avocado Oil,15,20,6,4,5.8,12.49,0
2025-12-13,P005,Organic Avocado Oil,18,2,6,3,5.8,12.49,0
2025-12-14,P005,Organic Avocado Oil,2,0,6,2,5.8,12.49,1
2025-12-15,P005,Organic Avocado Oil,0,0,6,1,5.8,12.49,1
2025-12-16,P005,Organic Avocado Oil,0,180,6,0,5.8,12.49,1
2025-12-17,P005,Organic Avocado Oil,14,166,6,0,5.8,12.49,0
2025-12-18,P005,Organic Avocado Oil,6,160,6,0,5.8,12.49,0
2025-12-19,P005,Organic Avocado Oil,12,148,6,0,5.8,12.49,0
2025-12-20,P005,Organic Avocado Oil,20,128,6,0,5.8,12.49,0
2025-12-21,P005,Organic Avocado Oil,12,116,6,0,5.8,12.49,0
2025-12-22,P005,Organic Avocado Oil,13,103,6,0,5.8,12.49,0
2025-12-23,P005,Organic Avocado Oil,12,91,6,0,5.8,12.49,0
2025-12-24,P005,Organic Avocado Oil,16,75,6,0,5.8,12.49,0
2025-12-25,P005,Organic Avocado Oil,7,68,6,6,5.8,12.49,0
2025-12-26,P005,Organic Avocado Oil,10,58,6,5,5.8,12.49,0
2025-12-27,P005,Organic Avocado Oil,22,36,6,4,5.8,12.49,0
2025-12-28,P005,Organic Avocado Oil,12,24,6,3,5.8,12.49,0
2025-12-29,P005,Organic Avocado Oil,10,14,6,2,5.8,12.49,0
2025-12-30,P005,Organic Avocado Oil,14,0,6,1,5.8,12.49,1
2025-12-31,P005,Organic Avocado Oil,0,180,6,0,5.8,12.49,1
2026-01-01,P005,Organic Avocado Oil,8,172,6,0,5.8,12.49,0
2026-01-02,P005,Organic Avocado Oil,13,159,6,0,5.8,12.49,0
2026-01-03,P005,Organic Avocado Oil,17,142,6,0,5.8,12.49,0
2026-01-04,P005,Organic Avocado Oil,8,134,6,0,5.8,12.49,0
2026-01-05,P005,Organic Avocado Oil,12,122,6,0,5.8,12.49,0
2026-01-06,P005,Organic Avocado Oil,14,108,6,0,5.8,12.49,0
2026-01-07,P005,Organic Avocado Oil,12,96,6,0,5.8,12.49,0
2026-01-08,P005,Organic Avocado Oil,12,84,6,0,5.8,12.49,0
2026-01-09,P005,Organic Avocado Oil,13,71,6,5,5.8,12.49,0
2026-01-10,P005,Organic Avocado Oil,13,58,6,4,5.8,12.49,0
2026-01-11,P005,Organic Avocado Oil,11,47,6,3,5.8,12.49,0
2026-01-12,P005,Organic Avocado Oil,19,28,6,2,5.8,12.49,0
2026-01-13,P005,Organic Avocado Oil,9,19,6,1,5.8,12.49,0
2026-01-14,P005,Organic Avocado Oil,8,191,6,0,5.8,12.49,0
2026-01-15,P005,Organic Avocado Oil,9,182,6,0,5.8,12.49,0
2026-01-16,P005,Organic Avocado Oil,17,165,6,0,5.8,12.49,0
2026-01-17,P005,Organic Avocado Oil,20,145,6,0,5.8,12.49,0
2026-01-18,P005,Organic Avocado Oil,5,140,6,0,5.8,12.49,0
2026-01-19,P005,Organic Avocado Oil,6,134,6,0,5.8,12.49,0
2026-01-20,P005,Organic Avocado Oil,17,117,6,0,5.8,12.49,0
2026-01-21,P005,Organic Avocado Oil,15,102,6,0,5.8,12.49,0
2026-01-22,P005,Organic Avocado Oil,13,89,6,0,5.8,12.49,0
2026-01-23,P005,Organic Avocado Oil,11,78,6,0,5.8,12.49,0
2026-01-24,P005,Organic Avocado Oil,17,61,6,6,5.8,12.49,0
2026-01-25,P005,Organic Avocado Oil,14,47,6,5,5.8,12.49,0
2026-01-26,P005,Organic Avocado Oil,14,33,6,4,5.8,12.49,0
2026-01-27,P005,Organic Avocado Oil,15,18,6,3,5.8,12.49,0
2026-01-28,P005,Organic Avocado Oil,12,6,6,2,5.8,12.49,0
2026-01-29,P005,Organic Avocado Oil,6,0,6,1,5.8,12.49,1
2026-01-30,P005,Organic Avocado Oil,0,180,6,0,5.8,12.49,1
2026-01-31,P005,Organic Avocado Oil,21,159,6,0,5.8,12.49,0
2026-02-01,P005,Organic Avocado Oil,8,151,6,0,5.8,12.49,0
2026-02-02,P005,Organic Avocado Oil,9,142,6,0,5.8,12.49,0
2026-02-03,P005,Organic Avocado Oil,10,132,6,0,5.8,12.49,0
2026-02-04,P005,Organic Avocado Oil,7,125,6,0,5.8,12.49,0
2026-02-05,P005,Organic Avocado Oil,10,115,6,0,5.8,12.49,0
2026-02-06,P005,Organic Avocado Oil,18,97,6,0,5.8,12.49,0
2026-02-07,P005,Organic Avocado Oil,18,79,6,0,5.8,12.49,0
2026-02-08,P005,Organic Avocado Oil,14,65,6,3,5.8,12.49,0
2026-02-09,P005,Organic Avocado Oil,8,57,6,2,5.8,12.49,0
2026-02-10,P005,Organic Avocado Oil,12,45,6,1,5.8,12.49,0
2026-02-11,P005,Organic Avocado Oil,10,215,6,0,5.8,12.49,0
2026-02-12,P005,Organic Avocado Oil,15,200,6,0,5.8,12.49,0
2026-02-13,P005,Organic Avocado Oil,15,185,6,0,5.8,12.49,0
2026-02-14,P005,Organic Avocado Oil,12,173,6,0,5.8,12.49,0
2026-02-15,P005,Organic Avocado Oil,11,162,6,0,5.8,12.49,0
2026-02-16,P005,Organic Avocado Oil,11,151,6,0,5.8,12.49,0
2026-02-17,P005,Organic Avocado Oil,14,137,6,0,5.8,12.49,0
2026-02-18,P005,Organic Avocado Oil,13,124,6,0,5.8,12.49,0
2026-02-19,P005,Organic Avocado Oil,11,113,6,0,5.8,12.49,0
2026-02-20,P005,Organic Avocado Oil,15,98,6,0,5.8,12.49,0
2026-02-21,P005,Organic Avocado Oil,22,76,6,0,5.8,12.49,0
2026-02-22,P005,Organic Avocado Oil,18,58,6,6,5.8,12.49,0
2026-02-23,P005,Organic Avocado Oil,6,52,6,5,5.8,12.49,0
2026-02-24,P005,Organic Avocado Oil,6,46,6,4,5.8,12.49,0
2026-02-25,P005,Organic Avocado Oil,10,36,6,3,5.8,12.49,0
2026-02-26,P005,Organic Avocado Oil,8,28,6,2,5.8,12.49,0
2026-02-27,P005,Organic Avocado Oil,14,14,6,1,5.8,12.49,0
2026-02-28,P005,Organic Avocado Oil,14,180,6,0,5.8,12.49,1
2026-03-01,P005,Organic Avocado Oil,11,169,6,0,5.8,12.49,0
2026-03-02,P005,Organic Avocado Oil,8,161,6,0,5.8,12.49,0
2026-03-03,P005,Organic Avocado Oil,7,154,6,0,5.8,12.49,0
2026-03-04,P005,Organic Avocado Oil,8,146,6,0,5.8,12.49,0
2026-03-05,P005,Organic Avocado Oil,5,141,6,0,5.8,12.49,0
2026-03-06,P005,Organic Avocado Oil,14,127,6,0,5.8,12.49,0
2026-03-07,P005,Organic Avocado Oil,18,109,6,0,5.8,12.49,0
2026-03-08,P005,Organic Avocado Oil,8,101,6,0,5.8,12.49,0
2026-03-09,P005,Organic Avocado Oil,10,91,6,0,5.8,12.49,0
2026-03-10,P005,Organic Avocado Oil,20,71,6,8,5.8,12.49,0
2026-03-11,P005,Organic Avocado Oil,9,62,6,7,5.8,12.49,0
2026-03-12,P005,Organic Avocado Oil,7,55,6,6,5.8,12.49,0
2026-03-13,P005,Organic Avocado Oil,19,36,6,5,5.8,12.49,0
2026-03-14,P005,Organic Avocado Oil,13,23,6,4,5.8,12.49,0
2026-03-15,P005,Organic Avocado Oil,10,13,6,3,5.8,12.49,0
2026-03-16,P005,Organic Avocado Oil,10,3,6,2,5.8,12.49,0
2026-03-17,P005,Organic Avocado Oil,3,0,6,1,5.8,12.49,1
2026-03-18,P005,Organic Avocado Oil,0,180,6,0,5.8,12.49,1
2026-03-19,P005,Organic Avocado Oil,17,163,6,0,5.8,12.49,0
2026-03-20,P005,Organic Avocado Oil,19,144,6,0,5.8,12.49,0
2026-03-21,P005,Organic Avocado Oil,7,137,6,0,5.8,12.49,0
2026-03-22,P005,Organic Avocado Oil,11,126,6,0,5.8,12.49,0
2026-03-23,P005,Organic Avocado Oil,12,114,6,0,5.8,12.49,0
2026-03-24,P005,Organic Avocado Oil,19,95,6,0,5.8,12.49,0
2026-03-25,P005,Organic Avocado Oil,7,88,6,0,5.8,12.49,0
2026-03-26,P005,Organic Avocado Oil,12,76,6,0,5.8,12.49,0
2026-03-27,P005,Organic Avocado Oil,15,61,6,6,5.8,12.49,0
2026-03-28,P005,Organic Avocado Oil,16,45,6,5,5.8,12.49,0
2026-03-29,P005,Organic Avocado Oil,11,34,6,4,5.8,12.49,0
2026-03-30,P005,Organic Avocado Oil,12,22,6,3,5.8,12.49,0
2026-03-31,P005,Organic Avocado Oil,15,7,6,2,5.8,12.49,0
2026-04-01,P005,Organic Avocado Oil,7,0,6,1,5.8,12.49,1
2026-04-02,P005,Organic Avocado Oil,0,180,6,0,5.8,12.49,1
2026-04-03,P005,Organic Avocado Oil,15,165,6,0,5.8,12.49,0
2026-04-04,P005,Organic Avocado Oil,10,155,6,0,5.8,12.49,0
2026-04-05,P005,Organic Avocado Oil,11,144,6,0,5.8,12.49,0
2026-04-06,P005,Organic Avocado Oil,10,134,6,0,5.8,12.49,0
2026-04-07,P005,Organic Avocado Oil,15,119,6,0,5.8,12.49,0
2026-04-08,P005,Organic Avocado Oil,5,114,6,0,5.8,12.49,0
2026-04-09,P005,Organic Avocado Oil,15,99,6,0,5.8,12.49,0
2026-04-10,P005,Organic Avocado Oil,18,81,6,0,5.8,12.49,0
2026-04-11,P005,Organic Avocado Oil,17,64,6,5,5.8,12.49,0
2026-04-12,P005,Organic Avocado Oil,14,50,6,4,5.8,12.49,0
2026-04-13,P005,Organic Avocado Oil,12,38,6,3,5.8,12.49,0
2026-04-14,P005,Organic Avocado Oil,12,26,6,2,5.8,12.49,0
2026-04-15,P005,Organic Avocado Oil,10,16,6,1,5.8,12.49,0
2026-04-16,P005,Organic Avocado Oil,6,190,6,0,5.8,12.49,0
2026-04-17,P005,Organic Avocado Oil,16,174,6,0,5.8,12.49,0
2026-04-18,P005,Organic Avocado Oil,20,154,6,0,5.8,12.49,0
2026-04-19,P005,Organic Avocado Oil,10,144,6,0,5.8,12.49,0
2026-04-20,P005,Organic Avocado Oil,10,134,6,0,5.8,12.49,0
2026-04-21,P005,Organic Avocado Oil,11,123,6,0,5.8,12.49,0
2026-04-22,P005,Organic Avocado Oil,8,115,6,0,5.8,12.49,0
2026-04-23,P005,Organic Avocado Oil,11,104,6,0,5.8,12.49,0
2026-04-24,P005,Organic Avocado Oil,10,94,6,0,5.8,12.49,0
2026-04-25,P005,Organic Avocado Oil,24,70,6,5,5.8,12.49,0
2026-04-26,P005,Organic Avocado Oil,9,61,6,4,5.8,12.49,0
2026-04-27,P005,Organic Avocado Oil,9,52,6,3,5.8,12.49,0
2026-04-28,P005,Organic Avocado Oil,11,41,6,2,5.8,12.49,0
2026-04-29,P005,Organic Avocado Oil,9,32,6,1,5.8,12.49,0
2026-04-30,P005,Organic Avocado Oil,8,204,6,0,5.8,12.49,0
2026-05-01,P005,Organic Avocado Oil,19,185,6,0,5.8,12.49,0
2026-05-02,P005,Organic Avocado Oil,18,167,6,0,5.8,12.49,0
2026-05-03,P005,Organic Avocado Oil,10,157,6,0,5.8,12.49,0
2026-05-04,P005,Organic Avocado Oil,9,148,6,0,5.8,12.49,0
2026-05-05,P005,Organic Avocado Oil,8,140,6,0,5.8,12.49,0
2026-05-06,P005,Organic Avocado Oil,9,131,6,0,5.8,12.49,0
2026-05-07,P005,Organic Avocado Oil,9,122,6,0,5.8,12.49,0
2026-05-08,P005,Organic Avocado Oil,10,112,6,0,5.8,12.49,0
2026-05-09,P005,Organic Avocado Oil,15,97,6,0,5.8,12.49,0
2026-05-10,P005,Organic Avocado Oil,17,80,6,0,5.8,12.49,0
2026-05-11,P005,Organic Avocado Oil,8,72,6,4,5.8,12.49,0
2026-05-12,P005,Organic Avocado Oil,8,64,6,3,5.8,12.49,0
2026-05-13,P005,Organic Avocado Oil,4,60,6,2,5.8,12.49,0
2026-05-14,P005,Organic Avocado Oil,11,49,6,1,5.8,12.49,0
2026-05-15,P005,Organic Avocado Oil,11,218,6,0,5.8,12.49,0
2026-05-16,P005,Organic Avocado Oil,14,204,6,0,5.8,12.49,0
2026-05-17,P005,Organic Avocado Oil,11,193,6,0,5.8,12.49,0
2026-05-18,P005,Organic Avocado Oil,10,183,6,0,5.8,12.49,0
2026-05-19,P005,Organic Avocado Oil,12,171,6,0,5.8,12.49,0
2026-05-20,P005,Organic Avocado Oil,10,161,6,0,5.8,12.49,0
2026-05-21,P005,Organic Avocado Oil,14,147,6,0,5.8,12.49,0
2026-05-22,P005,Organic Avocado Oil,16,131,6,0,5.8,12.49,0
2026-05-23,P005,Organic Avocado Oil,16,115,6,0,5.8,12.49,0
2026-05-24,P005,Organic Avocado Oil,4,111,6,0,5.8,12.49,0
2026-05-25,P005,Organic Avocado Oil,7,104,6,0,5.8,12.49,0
2026-05-26,P005,Organic Avocado Oil,13,91,6,0,5.8,12.49,0
2026-05-27,P005,Organic Avocado Oil,7,84,6,0,5.8,12.49,0
2026-05-28,P005,Organic Avocado Oil,8,76,6,0,5.8,12.49,0
2026-05-29,P005,Organic Avocado Oil,12,64,6,6,5.8,12.49,0
2026-05-30,P005,Organic Avocado Oil,7,57,6,5,5.8,12.49,0
2026-05-31,P005,Organic Avocado Oil,11,46,6,4,5.8,12.49,0
2026-06-01,P005,Organic Avocado Oil,11,35,6,3,5.8,12.49,0
2026-06-02,P005,Organic Avocado Oil,7,28,6,2,5.8,12.49,0
2026-06-03,P005,Organic Avocado Oil,12,16,6,1,5.8,12.49,0
2026-06-04,P005,Organic Avocado Oil,14,182,6,0,5.8,12.49,0
2026-06-05,P005,Organic Avocado Oil,10,172,6,0,5.8,12.49,0
2026-06-06,P005,Organic Avocado Oil,18,154,6,0,5.8,12.49,0
2026-06-07,P005,Organic Avocado Oil,13,141,6,0,5.8,12.49,0
2026-06-08,P005,Organic Avocado Oil,8,133,6,0,5.8,12.49,0
2026-06-09,P005,Organic Avocado Oil,8,125,6,0,5.8,12.49,0
2026-06-10,P005,Organic Avocado Oil,13,112,6,0,5.8,12.49,0
2026-06-11,P005,Organic Avocado Oil,16,96,6,0,5.8,12.49,0
2026-06-12,P005,Organic Avocado Oil,12,84,6,0,5.8,12.49,0
2026-06-13,P005,Organic Avocado Oil,14,70,6,5,5.8,12.49,0
2026-06-14,P005,Organic Avocado Oil,11,59,6,4,5.8,12.49,0
2026-06-15,P005,Organic Avocado Oil,10,49,6,3,5.8,12.49,0
2026-06-16,P005,Organic Avocado Oil,7,42,6,2,5.8,12.49,0
2026-06-17,P005,Organic Avocado Oil,9,33,6,1,5.8,12.49,0
